                       :-) GROMACS - gmx mdrun, 2023 (-:

Copyright 1991-2023 The GROMACS Authors.
GROMACS is free software; you can redistribute it and/or modify it
under the terms of the GNU Lesser General Public License
as published by the Free Software Foundation; either version 2.1
of the License, or (at your option) any later version.

                         Current GROMACS contributors:
       Mark Abraham           Andrey Alekseenko           Cathrine Bergh      
      Christian Blau            Eliane Briand             Mahesh Doijade      
    Stefan Fleischmann           Vytas Gapsys              Gaurav Garg        
      Sergey Gorelov         Gilles Gouaillardet            Alan Gray         
     M. Eric Irrgang         Farzaneh Jalalypour            Joe Jordan        
    Christoph Junghans        Prashanth Kanduri          Sebastian Keller     
     Carsten Kutzner           Justin A. Lemkul          Magnus Lundborg      
       Pascal Merz              Vedran Miletic            Dmitry Morozov      
       Szilard Pall             Roland Schulz             Michael Shirts      
     Alexey Shvetsov            Balint Soproni         David van der Spoel    
      Philip Turner             Carsten Uphoff           Alessandra Villa     
 Sebastian Wingbermuehle        Artem Zhmurov       

                         Previous GROMACS contributors:
        Emile Apol             Rossen Apostolov           James Barnett       
  Herman J.C. Berendsen          Par Bjelkmar           Viacheslav Bolnykh    
        Kevin Boyd            Aldert van Buuren          Carlo Camilloni      
     Rudi van Drunen            Anton Feenstra           Oliver Fleetwood     
     Gerrit Groenhof            Bert de Groot             Anca Hamuraru       
    Vincent Hindriksen          Victor Holanda           Aleksei Iupinov      
   Dimitrios Karkoulis           Peter Kasson             Sebastian Kehl      
        Jiri Kraus               Per Larsson              Viveca Lindahl      
      Erik Marklund           Pieter Meulenhoff           Teemu Murtola       
       Sander Pronk             Alfons Sijbers            Peter Tieleman      
       Jon Vincent             Teemu Virolainen         Christian Wennberg    
       Maarten Wolf       

                  Coordinated by the GROMACS project leaders:
                    Paul Bauer, Berk Hess, and Erik Lindahl

GROMACS:      gmx mdrun, version 2023
Executable:   /opt/software/gromacs/bin/gmx
Data prefix:  /opt/software/gromacs
Working dir:  /app/sandbox/run_20260818_180409
Process ID:   142
Command line:
  gmx mdrun -v -deffnm em

GROMACS version:    2023
Precision:          mixed
Memory model:       64 bit
MPI library:        thread_mpi
OpenMP support:     enabled (GMX_OPENMP_MAX_THREADS = 128)
GPU support:        CUDA
NB cluster size:    8
SIMD instructions:  AVX2_256
CPU FFT library:    fftw-3.3.8-sse2-avx-avx2-avx2_128
GPU FFT library:    cuFFT
Multi-GPU FFT:      none
RDTSCP usage:       enabled
TNG support:        enabled
Hwloc support:      disabled
Tracing support:    disabled
C compiler:         /usr/bin/cc GNU 11.4.0
C compiler flags:   -fexcess-precision=fast -funroll-all-loops -mavx2 -mfma -Wno-missing-field-initializers -O3 -DNDEBUG
C++ compiler:       /usr/bin/c++ GNU 11.4.0
C++ compiler flags: -fexcess-precision=fast -funroll-all-loops -mavx2 -mfma -Wno-missing-field-initializers -Wno-cast-function-type-strict SHELL:-fopenmp -O3 -DNDEBUG
BLAS library:       
LAPACK library:     
CUDA compiler:      /usr/local/cuda/bin/nvcc nvcc: NVIDIA (R) Cuda compiler driver;Copyright (c) 2005-2024 NVIDIA Corporation;Built on Thu_Mar_28_02:18:24_PDT_2024;Cuda compilation tools, release 12.4, V12.4.131;Build cuda_12.4.r12.4/compiler.34097967_0
CUDA compiler flags:-std=c++17;--generate-code=arch=compute_50,code=sm_50;--generate-code=arch=compute_52,code=sm_52;--generate-code=arch=compute_60,code=sm_60;--generate-code=arch=compute_61,code=sm_61;--generate-code=arch=compute_70,code=sm_70;--generate-code=arch=compute_75,code=sm_75;--generate-code=arch=compute_80,code=sm_80;--generate-code=arch=compute_86,code=sm_86;--generate-code=arch=compute_89,code=sm_89;--generate-code=arch=compute_90,code=sm_90;-Wno-deprecated-gpu-targets;--generate-code=arch=compute_53,code=sm_53;--generate-code=arch=compute_80,code=sm_80;-use_fast_math;-Xptxas;-warn-double-usage;-Xptxas;-Werror;-D_FORCE_INLINES;-fexcess-precision=fast -funroll-all-loops -mavx2 -mfma -Wno-missing-field-initializers -Wno-cast-function-type-strict SHELL:-fopenmp -O3 -DNDEBUG
CUDA driver:        0.0
CUDA runtime:       12.40


Running on 1 node with total 12 cores, 24 processing units (GPU detection failed)
Hardware detected on host a019da4b90b0:
  CPU info:
    Vendor: AMD
    Brand:  AMD Ryzen 9 7900X 12-Core Processor            
    Family: 25   Model: 97   Stepping: 2
    Features: aes amd apic avx avx2 avx512f avx512cd avx512bw avx512vl avx512bf16 avx512secondFMA clfsh cmov cx8 cx16 f16c fma htt lahf misalignsse mmx msr nonstop_tsc pclmuldq pdpe1gb popcnt pse rdrnd rdtscp sha sse2 sse3 sse4a sse4.1 sse4.2 ssse3
    Number of AVX-512 FMA units: 1 (AVX2 is faster w/o 2 AVX-512 FMA units)
  Hardware topology: Basic
    Packages, cores, and logical processors:
    [indices refer to OS logical processors]
      Package  0: [   0  12] [   1  13] [   2  14] [   3  15] [   4  16] [   5  17] [   6  18] [   7  19] [   8  20] [   9  21] [  10  22] [  11  23]
    CPU limit set by OS: -1   Recommended max number of threads: 24


++++ PLEASE READ AND CITE THE FOLLOWING REFERENCE ++++
M. J. Abraham, T. Murtola, R. Schulz, S. Páll, J. C. Smith, B. Hess, E.
Lindahl
GROMACS: High performance molecular simulations through multi-level
parallelism from laptops to supercomputers
SoftwareX 1 (2015) pp. 19-25
-------- -------- --- Thank You --- -------- --------


++++ PLEASE READ AND CITE THE FOLLOWING REFERENCE ++++
S. Páll, M. J. Abraham, C. Kutzner, B. Hess, E. Lindahl
Tackling Exascale Software Challenges in Molecular Dynamics Simulations with
GROMACS
In S. Markidis & E. Laure (Eds.), Solving Software Challenges for Exascale 8759 (2015) pp. 3-27
-------- -------- --- Thank You --- -------- --------


++++ PLEASE READ AND CITE THE FOLLOWING REFERENCE ++++
S. Pronk, S. Páll, R. Schulz, P. Larsson, P. Bjelkmar, R. Apostolov, M. R.
Shirts, J. C. Smith, P. M. Kasson, D. van der Spoel, B. Hess, and E. Lindahl
GROMACS 4.5: a high-throughput and highly parallel open source molecular
simulation toolkit
Bioinformatics 29 (2013) pp. 845-54
-------- -------- --- Thank You --- -------- --------


++++ PLEASE READ AND CITE THE FOLLOWING REFERENCE ++++
B. Hess and C. Kutzner and D. van der Spoel and E. Lindahl
GROMACS 4: Algorithms for highly efficient, load-balanced, and scalable
molecular simulation
J. Chem. Theory Comput. 4 (2008) pp. 435-447
-------- -------- --- Thank You --- -------- --------


++++ PLEASE READ AND CITE THE FOLLOWING REFERENCE ++++
D. van der Spoel, E. Lindahl, B. Hess, G. Groenhof, A. E. Mark and H. J. C.
Berendsen
GROMACS: Fast, Flexible and Free
J. Comp. Chem. 26 (2005) pp. 1701-1719
-------- -------- --- Thank You --- -------- --------


++++ PLEASE READ AND CITE THE FOLLOWING REFERENCE ++++
E. Lindahl and B. Hess and D. van der Spoel
GROMACS 3.0: A package for molecular simulation and trajectory analysis
J. Mol. Mod. 7 (2001) pp. 306-317
-------- -------- --- Thank You --- -------- --------


++++ PLEASE READ AND CITE THE FOLLOWING REFERENCE ++++
H. J. C. Berendsen, D. van der Spoel and R. van Drunen
GROMACS: A message-passing parallel molecular dynamics implementation
Comp. Phys. Comm. 91 (1995) pp. 43-56
-------- -------- --- Thank You --- -------- --------


++++ PLEASE CITE THE DOI FOR THIS VERSION OF GROMACS ++++
https://doi.org/10.5281/zenodo.7588619
-------- -------- --- Thank You --- -------- --------

Input Parameters:
   integrator                     = steep
   tinit                          = 0
   dt                             = 0.001
   nsteps                         = 50000
   init-step                      = 0
   simulation-part                = 1
   mts                            = false
   comm-mode                      = Linear
   nstcomm                        = 100
   bd-fric                        = 0
   ld-seed                        = -553885778
   emtol                          = 1000
   emstep                         = 0.01
   niter                          = 20
   fcstep                         = 0
   nstcgsteep                     = 1000
   nbfgscorr                      = 10
   rtpi                           = 0.05
   nstxout                        = 0
   nstvout                        = 0
   nstfout                        = 0
   nstlog                         = 1000
   nstcalcenergy                  = 100
   nstenergy                      = 1000
   nstxout-compressed             = 0
   compressed-x-precision         = 1000
   cutoff-scheme                  = Verlet
   nstlist                        = 1
   pbc                            = xyz
   periodic-molecules             = false
   verlet-buffer-tolerance        = 0.005
   rlist                          = 1.2
   coulombtype                    = PME
   coulomb-modifier               = Potential-shift
   rcoulomb-switch                = 0
   rcoulomb                       = 1.2
   epsilon-r                      = 1
   epsilon-rf                     = inf
   vdw-type                       = Cut-off
   vdw-modifier                   = Force-switch
   rvdw-switch                    = 1
   rvdw                           = 1.2
   DispCorr                       = No
   table-extension                = 1
   fourierspacing                 = 0.12
   fourier-nx                     = 72
   fourier-ny                     = 72
   fourier-nz                     = 80
   pme-order                      = 4
   ewald-rtol                     = 1e-05
   ewald-rtol-lj                  = 0.001
   lj-pme-comb-rule               = Geometric
   ewald-geometry                 = 3d
   epsilon-surface                = 0
   ensemble-temperature-setting   = not available
   ensemble-temperature           = -1
   tcoupl                         = No
   nsttcouple                     = -1
   nh-chain-length                = 0
   print-nose-hoover-chain-variables = false
   pcoupl                         = No
   pcoupltype                     = Isotropic
   nstpcouple                     = -1
   tau-p                          = 1
   compressibility (3x3):
      compressibility[    0]={ 0.00000e+00,  0.00000e+00,  0.00000e+00}
      compressibility[    1]={ 0.00000e+00,  0.00000e+00,  0.00000e+00}
      compressibility[    2]={ 0.00000e+00,  0.00000e+00,  0.00000e+00}
   ref-p (3x3):
      ref-p[    0]={ 0.00000e+00,  0.00000e+00,  0.00000e+00}
      ref-p[    1]={ 0.00000e+00,  0.00000e+00,  0.00000e+00}
      ref-p[    2]={ 0.00000e+00,  0.00000e+00,  0.00000e+00}
   refcoord-scaling               = No
   posres-com (3):
      posres-com[0]= 0.00000e+00
      posres-com[1]= 0.00000e+00
      posres-com[2]= 0.00000e+00
   posres-comB (3):
      posres-comB[0]= 0.00000e+00
      posres-comB[1]= 0.00000e+00
      posres-comB[2]= 0.00000e+00
   QMMM                           = false
qm-opts:
   ngQM                           = 0
   constraint-algorithm           = Lincs
   continuation                   = false
   Shake-SOR                      = false
   shake-tol                      = 0.0001
   lincs-order                    = 4
   lincs-iter                     = 1
   lincs-warnangle                = 30
   nwall                          = 0
   wall-type                      = 9-3
   wall-r-linpot                  = -1
   wall-atomtype[0]               = -1
   wall-atomtype[1]               = -1
   wall-density[0]                = 0
   wall-density[1]                = 0
   wall-ewald-zfac                = 3
   pull                           = false
   awh                            = false
   rotation                       = false
   interactiveMD                  = false
   disre                          = No
   disre-weighting                = Conservative
   disre-mixed                    = false
   dr-fc                          = 1000
   dr-tau                         = 0
   nstdisreout                    = 100
   orire-fc                       = 0
   orire-tau                      = 0
   nstorireout                    = 100
   free-energy                    = no
   cos-acceleration               = 0
   deform (3x3):
      deform[    0]={ 0.00000e+00,  0.00000e+00,  0.00000e+00}
      deform[    1]={ 0.00000e+00,  0.00000e+00,  0.00000e+00}
      deform[    2]={ 0.00000e+00,  0.00000e+00,  0.00000e+00}
   simulated-tempering            = false
   swapcoords                     = no
   userint1                       = 0
   userint2                       = 0
   userint3                       = 0
   userint4                       = 0
   userreal1                      = 0
   userreal2                      = 0
   userreal3                      = 0
   userreal4                      = 0
   applied-forces:
     electric-field:
       x:
         E0                       = 0
         omega                    = 0
         t0                       = 0
         sigma                    = 0
       y:
         E0                       = 0
         omega                    = 0
         t0                       = 0
         sigma                    = 0
       z:
         E0                       = 0
         omega                    = 0
         t0                       = 0
         sigma                    = 0
     density-guided-simulation:
       active                     = false
       group                      = protein
       similarity-measure         = inner-product
       atom-spreading-weight      = unity
       force-constant             = 1e+09
       gaussian-transform-spreading-width = 0.2
       gaussian-transform-spreading-range-in-multiples-of-width = 4
       reference-density-filename = reference.mrc
       nst                        = 1
       normalize-densities        = true
       adaptive-force-scaling     = false
       adaptive-force-scaling-time-constant = 4
       shift-vector               = 
       transformation-matrix      = 
     qmmm-cp2k:
       active                     = false
       qmgroup                    = System
       qmmethod                   = PBE
       qmfilenames                = 
       qmcharge                   = 0
       qmmultiplicity             = 1
grpopts:
   nrdf:       94182
   ref-t:           0
   tau-t:           0
annealing:          No
annealing-npoints:           0
   acc:	           0           0           0
   nfreeze:           N           N           N
   energygrp-flags[  0]: 0

Update task can not run on the GPU, because the following condition(s) were not satisfied:

Either PME or short-ranged non-bonded interaction tasks must run on the GPU.
Compatible GPUs must have been found.
Only the md integrator is supported.

Initializing Domain Decomposition on 24 ranks
NOTE: disabling dynamic load balancing as it is only supported with dynamics, not with integrator 'steep'.
Dynamic load balancing: off
Using update groups, nr 17023, average size 2.7 atoms, max. radius 0.078 nm
Minimum cell size due to atom displacement: 0.000 nm
Initial maximum distances in bonded interactions:
    two-body bonded interactions: 0.419 nm, LJ-14, atoms 1878 1885
  multi-body bonded interactions: 0.419 nm, Proper Dih., atoms 1878 1885
Minimum cell size due to bonded interactions: 0.461 nm
Guess for relative PME load: 0.23
Will use 18 particle-particle and 6 PME only ranks
This is a guess, check the performance at the end of the log file
Using 6 separate PME ranks, as guessed by mdrun
Optimizing the DD grid for 18 cells with a minimum initial size of 0.461 nm
The maximum allowed number of cells is: X 17 Y 17 Z 19
Domain decomposition grid 6 x 1 x 3, separate PME ranks 6
PME domain decomposition: 6 x 1 x 1
Interleaving PP and PME ranks
This rank does only particle-particle work.
Domain decomposition rank 0, coordinates 0 0 0

The initial number of communication pulses is: X 2 Z 1
The initial domain decomposition cell size is: X 1.31 nm Z 2.92 nm

The maximum allowed distance for atom groups involved in interactions is:
                 non-bonded interactions           1.356 nm
            two-body bonded interactions  (-rdd)   1.356 nm
          multi-body bonded interactions  (-rdd)   1.311 nm

Using 24 MPI threads
Using 1 OpenMP thread per tMPI thread

System total charge: -0.000
Will do PME sum in reciprocal space for electrostatic interactions.

++++ PLEASE READ AND CITE THE FOLLOWING REFERENCE ++++
U. Essmann, L. Perera, M. L. Berkowitz, T. Darden, H. Lee and L. G. Pedersen 
A smooth particle mesh Ewald method
J. Chem. Phys. 103 (1995) pp. 8577-8592
-------- -------- --- Thank You --- -------- --------

Using a Gaussian width (1/beta) of 0.384195 nm for Ewald
Potential shift: LJ r^-12: -2.648e-01 r^-6: -5.349e-01, Ewald -8.333e-06
Initialized non-bonded Coulomb Ewald tables, spacing: 1.02e-03 size: 1176

Generated table with 1100 data points for 1-4 COUL.
Tabscale = 500 points/nm
Generated table with 1100 data points for 1-4 LJ6.
Tabscale = 500 points/nm
Generated table with 1100 data points for 1-4 LJ12.
Tabscale = 500 points/nm


Using SIMD 4x8 nonbonded short-range kernels

Using a 4x8 pair-list setup:
  updated every 1 steps, buffer 0.000 nm, rlist 1.200 nm
Removing pbc first time

Linking all bonded interactions to atoms


Pinning threads with an auto-selected logical cpu stride of 1

++++ PLEASE READ AND CITE THE FOLLOWING REFERENCE ++++
S. Miyamoto and P. A. Kollman
SETTLE: An Analytical Version of the SHAKE and RATTLE Algorithms for Rigid
Water Models
J. Comp. Chem. 13 (1992) pp. 952-962
-------- -------- --- Thank You --- -------- --------


Note that activating steepest-descent energy minimization via the integrator .mdp option and the command gmx mdrun may be available in a different form in a future version of GROMACS, e.g. gmx minimize and an .mdp option.
Initiating Steepest Descents

Atom distribution over 18 domains: av 2542 stddev 178 min 2247 max 2781
Started Steepest Descents on rank 0 Tue Aug 18 18:04:34 2026


Steepest Descents:
   Tolerance (Fmax)   =  1.00000e+03
   Number of steps    =        50000
           Step           Time
              0        0.00000

   Energies (kJ/mol)
           Bond          Angle    Proper Dih. Per. Imp. Dih.          LJ-14
    1.36729e+03    2.44292e+03    8.04463e+03    6.68453e+01    3.27628e+03
     Coulomb-14        LJ (SR)   Coulomb (SR)   Coul. recip.      Potential
    2.38400e+04    6.06585e+04   -6.50289e+05    7.80488e+03   -5.42788e+05
 Pressure (bar)
    1.20970e+04


DD  step 0 load imb.: force 24.2%  pme mesh/force 0.461
           Step           Time
              1        1.00000

   Energies (kJ/mol)
           Bond          Angle    Proper Dih. Per. Imp. Dih.          LJ-14
    1.12515e+03    2.28476e+03    8.04698e+03    6.68332e+01    3.26018e+03
     Coulomb-14        LJ (SR)   Coulomb (SR)   Coul. recip.      Potential
    2.38172e+04    6.05158e+04   -6.50627e+05    7.77510e+03   -5.43735e+05
 Pressure (bar)
    1.20886e+04

           Step           Time
              2        2.00000

   Energies (kJ/mol)
           Bond          Angle    Proper Dih. Per. Imp. Dih.          LJ-14
    5.59699e+02    1.98415e+03    8.01211e+03    5.98975e+01    3.18009e+03
     Coulomb-14        LJ (SR)   Coulomb (SR)   Coul. recip.      Potential
    2.36937e+04    5.97341e+04   -6.52726e+05    7.59495e+03   -5.47907e+05
 Pressure (bar)
    1.20339e+04

           Step           Time
              3        3.00000

   Energies (kJ/mol)
           Bond          Angle    Proper Dih. Per. Imp. Dih.          LJ-14
    5.12470e+02    1.68567e+03    7.98593e+03    6.33707e+01    3.09244e+03
     Coulomb-14        LJ (SR)   Coulomb (SR)   Coul. recip.      Potential
    2.35368e+04    5.85197e+04   -6.57090e+05    7.28686e+03   -5.54407e+05
 Pressure (bar)
    1.19087e+04

           Step           Time
              4        4.00000

   Energies (kJ/mol)
           Bond          Angle    Proper Dih. Per. Imp. Dih.          LJ-14
    1.28062e+03    1.71057e+03    7.97147e+03    8.15603e+01    3.03532e+03
     Coulomb-14        LJ (SR)   Coulomb (SR)   Coul. recip.      Potential
    2.34052e+04    5.76133e+04   -6.61396e+05    6.97258e+03   -5.59325e+05
 Pressure (bar)
    1.17497e+04

           Step           Time
              5        5.00000

   Energies (kJ/mol)
           Bond          Angle    Proper Dih. Per. Imp. Dih.          LJ-14
    1.14650e+03    1.55895e+03    7.96848e+03    8.51048e+01    3.00926e+03
     Coulomb-14        LJ (SR)   Coulomb (SR)   Coul. recip.      Potential
    2.33733e+04    5.72722e+04   -6.63342e+05    6.89326e+03   -5.62035e+05
 Pressure (bar)
    1.16854e+04

           Step           Time
              6        6.00000

   Energies (kJ/mol)
           Bond          Angle    Proper Dih. Per. Imp. Dih.          LJ-14
    2.75175e+03    1.84976e+03    7.96195e+03    9.28145e+01    2.98401e+03
     Coulomb-14        LJ (SR)   Coulomb (SR)   Coul. recip.      Potential
    2.32851e+04    5.68558e+04   -6.65985e+05    6.68237e+03   -5.63522e+05
 Pressure (bar)
    1.15666e+04

           Step           Time
              7        7.00000

   Energies (kJ/mol)
           Bond          Angle    Proper Dih. Per. Imp. Dih.          LJ-14
    2.40708e+03    1.63389e+03    7.96000e+03    9.77915e+01    2.96251e+03
     Coulomb-14        LJ (SR)   Coulomb (SR)   Coul. recip.      Potential
    2.32794e+04    5.66272e+04   -6.67545e+05    6.65453e+03   -5.65922e+05
 Pressure (bar)
    1.15158e+04

           Step           Time
              8        8.00000

   Energies (kJ/mol)
           Bond          Angle    Proper Dih. Per. Imp. Dih.          LJ-14
    3.94413e+03    1.92434e+03    7.95486e+03    9.98015e+01    2.94821e+03
     Coulomb-14        LJ (SR)   Coulomb (SR)   Coul. recip.      Potential
    2.32032e+04    5.63769e+04   -6.69554e+05    6.47718e+03   -5.66625e+05
 Pressure (bar)
    1.14299e+04

           Step           Time
              9        9.00000

   Energies (kJ/mol)
           Bond          Angle    Proper Dih. Per. Imp. Dih.          LJ-14
    3.83903e+03    1.76158e+03    7.95459e+03    1.04492e+02    2.92778e+03
     Coulomb-14        LJ (SR)   Coulomb (SR)   Coul. recip.      Potential
    2.32109e+04    5.61925e+04   -6.70916e+05    6.47211e+03   -5.68454e+05
 Pressure (bar)
    1.13779e+04

           Step           Time
             10       10.00000

           Step           Time
             11       11.00000

   Energies (kJ/mol)
           Bond          Angle    Proper Dih. Per. Imp. Dih.          LJ-14
    4.40663e+02    1.36089e+03    7.95113e+03    1.02994e+02    2.91731e+03
     Coulomb-14        LJ (SR)   Coulomb (SR)   Coul. recip.      Potential
    2.31715e+04    5.60874e+04   -6.71847e+05    6.37684e+03   -5.73438e+05
 Pressure (bar)
    1.14380e+04

           Step           Time
             12       12.00000

   Energies (kJ/mol)
           Bond          Angle    Proper Dih. Per. Imp. Dih.          LJ-14
    5.07357e+03    1.71048e+03    7.94698e+03    1.04441e+02    2.87016e+03
     Coulomb-14        LJ (SR)   Coulomb (SR)   Coul. recip.      Potential
    2.30938e+04    5.55948e+04   -6.76728e+05    6.16128e+03   -5.74172e+05
 Pressure (bar)
    1.11950e+04

           Step           Time
             13       13.00000

   Energies (kJ/mol)
           Bond          Angle    Proper Dih. Per. Imp. Dih.          LJ-14
    1.20880e+03    1.38820e+03    7.94217e+03    1.03598e+02    2.86293e+03
     Coulomb-14        LJ (SR)   Coulomb (SR)   Coul. recip.      Potential
    2.30509e+04    5.55343e+04   -6.77659e+05    6.06740e+03   -5.79501e+05
 Pressure (bar)
    1.12466e+04

           Step           Time
             14       14.00000

           Step           Time
             15       15.00000

   Energies (kJ/mol)
           Bond          Angle    Proper Dih. Per. Imp. Dih.          LJ-14
    1.11671e+03    1.33855e+03    7.94247e+03    1.02742e+02    2.84983e+03
     Coulomb-14        LJ (SR)   Coulomb (SR)   Coul. recip.      Potential
    2.30496e+04    5.54239e+04   -6.78688e+05    6.03827e+03   -5.80826e+05
 Pressure (bar)
    1.12262e+04

           Step           Time
             16       16.00000

   Energies (kJ/mol)
           Bond          Angle    Proper Dih. Per. Imp. Dih.          LJ-14
    1.97832e+03    1.44454e+03    7.93786e+03    1.01917e+02    2.84361e+03
     Coulomb-14        LJ (SR)   Coulomb (SR)   Coul. recip.      Potential
    2.30075e+04    5.53453e+04   -6.80030e+05    5.95170e+03   -5.81419e+05
 Pressure (bar)
    1.11711e+04

           Step           Time
             17       17.00000

   Energies (kJ/mol)
           Bond          Angle    Proper Dih. Per. Imp. Dih.          LJ-14
    1.96962e+03    1.42102e+03    7.93893e+03    1.01426e+02    2.82960e+03
     Coulomb-14        LJ (SR)   Coulomb (SR)   Coul. recip.      Potential
    2.30157e+04    5.52431e+04   -6.80979e+05    5.93302e+03   -5.82526e+05
 Pressure (bar)
    1.11441e+04

           Step           Time
             18       18.00000

           Step           Time
             19       19.00000

   Energies (kJ/mol)
           Bond          Angle    Proper Dih. Per. Imp. Dih.          LJ-14
    3.73858e+02    1.25542e+03    7.93623e+03    1.00555e+02    2.82574e+03
     Coulomb-14        LJ (SR)   Coulomb (SR)   Coul. recip.      Potential
    2.29916e+04    5.52086e+04   -6.81598e+05    5.88574e+03   -5.85021e+05
 Pressure (bar)
    1.11676e+04

           Step           Time
             20       20.00000

   Energies (kJ/mol)
           Bond          Angle    Proper Dih. Per. Imp. Dih.          LJ-14
    2.57348e+03    1.42574e+03    7.93199e+03    9.77502e+01    2.79416e+03
     Coulomb-14        LJ (SR)   Coulomb (SR)   Coul. recip.      Potential
    2.29516e+04    5.49773e+04   -6.85070e+05    5.74482e+03   -5.86573e+05
 Pressure (bar)
    1.10321e+04

           Step           Time
             21       21.00000

   Energies (kJ/mol)
           Bond          Angle    Proper Dih. Per. Imp. Dih.          LJ-14
    6.70642e+02    1.25338e+03    7.92858e+03    9.71734e+01    2.79101e+03
     Coulomb-14        LJ (SR)   Coulomb (SR)   Coul. recip.      Potential
    2.29232e+04    5.49553e+04   -6.85709e+05    5.69372e+03   -5.89396e+05
 Pressure (bar)
    1.10548e+04

           Step           Time
             22       22.00000

           Step           Time
             23       23.00000

   Energies (kJ/mol)
           Bond          Angle    Proper Dih. Per. Imp. Dih.          LJ-14
    6.96130e+02    1.24570e+03    7.92835e+03    9.64858e+01    2.78156e+03
     Coulomb-14        LJ (SR)   Coulomb (SR)   Coul. recip.      Potential
    2.29228e+04    5.48916e+04   -6.86524e+05    5.66799e+03   -5.90293e+05
 Pressure (bar)
    1.10366e+04

           Step           Time
             24       24.00000

   Energies (kJ/mol)
           Bond          Angle    Proper Dih. Per. Imp. Dih.          LJ-14
    9.98625e+02    1.27483e+03    7.92493e+03    9.56884e+01    2.77701e+03
     Coulomb-14        LJ (SR)   Coulomb (SR)   Coul. recip.      Potential
    2.28960e+04    5.48557e+04   -6.87462e+05    5.61560e+03   -5.91023e+05
 Pressure (bar)
    1.10083e+04

           Step           Time
             25       25.00000

   Energies (kJ/mol)
           Bond          Angle    Proper Dih. Per. Imp. Dih.          LJ-14
    1.08769e+03    1.27899e+03    7.92522e+03    9.52759e+01    2.76699e+03
     Coulomb-14        LJ (SR)   Coulomb (SR)   Coul. recip.      Potential
    2.29017e+04    5.47950e+04   -6.88218e+05    5.59623e+03   -5.91771e+05
 Pressure (bar)
    1.09867e+04

           Step           Time
             26       26.00000

   Energies (kJ/mol)
           Bond          Angle    Proper Dih. Per. Imp. Dih.          LJ-14
    1.63717e+03    1.33332e+03    7.92123e+03    9.45641e+01    2.76431e+03
     Coulomb-14        LJ (SR)   Coulomb (SR)   Coul. recip.      Potential
    2.28702e+04    5.47724e+04   -6.89109e+05    5.54327e+03   -5.92172e+05
 Pressure (bar)
    1.09573e+04

           Step           Time
             27       27.00000

   Energies (kJ/mol)
           Bond          Angle    Proper Dih. Per. Imp. Dih.          LJ-14
    1.89604e+03    1.36110e+03    7.92231e+03    9.47002e+01    2.75345e+03
     Coulomb-14        LJ (SR)   Coulomb (SR)   Coul. recip.      Potential
    2.28838e+04    5.47110e+04   -6.89810e+05    5.53160e+03   -5.92656e+05
 Pressure (bar)
    1.09313e+04

           Step           Time
             28       28.00000

           Step           Time
             29       29.00000

   Energies (kJ/mol)
           Bond          Angle    Proper Dih. Per. Imp. Dih.          LJ-14
    3.47894e+02    1.19644e+03    7.91985e+03    9.37573e+01    2.75102e+03
     Coulomb-14        LJ (SR)   Coulomb (SR)   Coul. recip.      Potential
    2.28642e+04    5.46991e+04   -6.90239e+05    5.49977e+03   -5.94867e+05
 Pressure (bar)
    1.09596e+04

           Step           Time
             30       30.00000

   Energies (kJ/mol)
           Bond          Angle    Proper Dih. Per. Imp. Dih.          LJ-14
    2.50134e+03    1.36629e+03    7.91452e+03    9.10946e+01    2.72220e+03
     Coulomb-14        LJ (SR)   Coulomb (SR)   Coul. recip.      Potential
    2.28355e+04    5.45645e+04   -6.93505e+05    5.37721e+03   -5.96132e+05
 Pressure (bar)
    1.08389e+04

           Step           Time
             31       31.00000

   Energies (kJ/mol)
           Bond          Angle    Proper Dih. Per. Imp. Dih.          LJ-14
    5.85986e+02    1.19520e+03    7.91134e+03    9.05606e+01    2.71997e+03
     Coulomb-14        LJ (SR)   Coulomb (SR)   Coul. recip.      Potential
    2.28113e+04    5.45607e+04   -6.93961e+05    5.34075e+03   -5.98745e+05
 Pressure (bar)
    1.08648e+04

           Step           Time
             32       32.00000

           Step           Time
             33       33.00000

   Energies (kJ/mol)
           Bond          Angle    Proper Dih. Per. Imp. Dih.          LJ-14
    7.16345e+02    1.20330e+03    7.91116e+03    9.02452e+01    2.71250e+03
     Coulomb-14        LJ (SR)   Coulomb (SR)   Coul. recip.      Potential
    2.28143e+04    5.45239e+04   -6.94605e+05    5.32219e+03   -5.99311e+05
 Pressure (bar)
    1.08503e+04

           Step           Time
             34       34.00000

   Energies (kJ/mol)
           Bond          Angle    Proper Dih. Per. Imp. Dih.          LJ-14
    8.62565e+02    1.21729e+03    7.90814e+03    8.96004e+01    2.70980e+03
     Coulomb-14        LJ (SR)   Coulomb (SR)   Coul. recip.      Potential
    2.27935e+04    5.45161e+04   -6.95250e+05    5.28792e+03   -5.99865e+05
 Pressure (bar)
    1.08344e+04

           Step           Time
             35       35.00000

   Energies (kJ/mol)
           Bond          Angle    Proper Dih. Per. Imp. Dih.          LJ-14
    1.10064e+03    1.23969e+03    7.90839e+03    8.96201e+01    2.70188e+03
     Coulomb-14        LJ (SR)   Coulomb (SR)   Coul. recip.      Potential
    2.28019e+04    5.44809e+04   -6.95843e+05    5.27408e+03   -6.00246e+05
 Pressure (bar)
    1.08155e+04

           Step           Time
             36       36.00000

   Energies (kJ/mol)
           Bond          Angle    Proper Dih. Per. Imp. Dih.          LJ-14
    1.42358e+03    1.27181e+03    7.90477e+03    8.89390e+01    2.70044e+03
     Coulomb-14        LJ (SR)   Coulomb (SR)   Coul. recip.      Potential
    2.27757e+04    5.44822e+04   -6.96481e+05    5.23800e+03   -6.00596e+05
 Pressure (bar)
    1.07981e+04

           Step           Time
             37       37.00000

   Energies (kJ/mol)
           Bond          Angle    Proper Dih. Per. Imp. Dih.          LJ-14
    1.89606e+03    1.32343e+03    7.90580e+03    8.96688e+01    2.69188e+03
     Coulomb-14        LJ (SR)   Coulomb (SR)   Coul. recip.      Potential
    2.27914e+04    5.44452e+04   -6.97028e+05    5.23000e+03   -6.00655e+05
 Pressure (bar)
    1.07734e+04

           Step           Time
             38       38.00000

           Step           Time
             39       39.00000

   Energies (kJ/mol)
           Bond          Angle    Proper Dih. Per. Imp. Dih.          LJ-14
    3.34297e+02    1.15861e+03    7.90350e+03    8.86313e+01    2.68993e+03
     Coulomb-14        LJ (SR)   Coulomb (SR)   Coul. recip.      Potential
    2.27742e+04    5.44435e+04   -6.97347e+05    5.20677e+03   -6.02747e+05
 Pressure (bar)
    1.08047e+04

           Step           Time
             40       40.00000

   Energies (kJ/mol)
           Bond          Angle    Proper Dih. Per. Imp. Dih.          LJ-14
    2.47625e+03    1.32296e+03    7.89605e+03    8.61286e+01    2.66029e+03
     Coulomb-14        LJ (SR)   Coulomb (SR)   Coul. recip.      Potential
    2.27478e+04    5.43940e+04   -7.00766e+05    5.08436e+03   -6.04098e+05
 Pressure (bar)
    1.06969e+04

           Step           Time
             41       41.00000

   Energies (kJ/mol)
           Bond          Angle    Proper Dih. Per. Imp. Dih.          LJ-14
    5.52767e+02    1.15816e+03    7.89310e+03    8.58463e+01    2.65847e+03
     Coulomb-14        LJ (SR)   Coulomb (SR)   Coul. recip.      Potential
    2.27262e+04    5.44007e+04   -7.01115e+05    5.05743e+03   -6.06582e+05
 Pressure (bar)
    1.07232e+04

           Step           Time
             42       42.00000

           Step           Time
             43       43.00000

   Energies (kJ/mol)
           Bond          Angle    Proper Dih. Per. Imp. Dih.          LJ-14
    7.15929e+02    1.17145e+03    7.89296e+03    8.58962e+01    2.65259e+03
     Coulomb-14        LJ (SR)   Coulomb (SR)   Coul. recip.      Potential
    2.27310e+04    5.43855e+04   -7.01621e+05    5.04365e+03   -6.06942e+05
 Pressure (bar)
    1.07132e+04

           Step           Time
             44       44.00000

   Energies (kJ/mol)
           Bond          Angle    Proper Dih. Per. Imp. Dih.          LJ-14
    8.02693e+02    1.18109e+03    7.89024e+03    8.54623e+01    2.65083e+03
     Coulomb-14        LJ (SR)   Coulomb (SR)   Coul. recip.      Potential
    2.27133e+04    5.43945e+04   -7.02104e+05    5.02051e+03   -6.07365e+05
 Pressure (bar)
    1.07046e+04

           Step           Time
             45       45.00000

   Energies (kJ/mol)
           Bond          Angle    Proper Dih. Per. Imp. Dih.          LJ-14
    1.08433e+03    1.20882e+03    7.89041e+03    8.58523e+01    2.64455e+03
     Coulomb-14        LJ (SR)   Coulomb (SR)   Coul. recip.      Potential
    2.27229e+04    5.43804e+04   -7.02570e+05    5.00998e+03   -6.07543e+05
 Pressure (bar)
    1.06896e+04

           Step           Time
             46       46.00000

   Energies (kJ/mol)
           Bond          Angle    Proper Dih. Per. Imp. Dih.          LJ-14
    1.32206e+03    1.23456e+03    7.88709e+03    8.52910e+01    2.64375e+03
     Coulomb-14        LJ (SR)   Coulomb (SR)   Coul. recip.      Potential
    2.27000e+04    5.43977e+04   -7.03061e+05    4.98542e+03   -6.07805e+05
 Pressure (bar)
    1.06789e+04

           Step           Time
             47       47.00000

           Step           Time
             48       48.00000

   Energies (kJ/mol)
           Bond          Angle    Proper Dih. Per. Imp. Dih.          LJ-14
    3.36280e+02    1.13246e+03    7.88753e+03    8.54448e+01    2.63892e+03
     Coulomb-14        LJ (SR)   Coulomb (SR)   Coul. recip.      Potential
    2.27080e+04    5.43833e+04   -7.03276e+05    4.97967e+03   -6.09125e+05
 Pressure (bar)
    1.06964e+04

           Step           Time
             49       49.00000

   Energies (kJ/mol)
           Bond          Angle    Proper Dih. Per. Imp. Dih.          LJ-14
    1.80056e+03    1.25574e+03    7.88007e+03    8.43205e+01    2.62557e+03
     Coulomb-14        LJ (SR)   Coulomb (SR)   Coul. recip.      Potential
    2.26727e+04    5.44262e+04   -7.05361e+05    4.90394e+03   -6.09712e+05
 Pressure (bar)
    1.06377e+04

           Step           Time
             50       50.00000

   Energies (kJ/mol)
           Bond          Angle    Proper Dih. Per. Imp. Dih.          LJ-14
    4.68230e+02    1.13682e+03    7.88067e+03    8.45638e+01    2.61914e+03
     Coulomb-14        LJ (SR)   Coulomb (SR)   Coul. recip.      Potential
    2.26852e+04    5.44122e+04   -7.05591e+05    4.89690e+03   -6.11407e+05
 Pressure (bar)
    1.06552e+04

           Step           Time
             51       51.00000

           Step           Time
             52       52.00000

   Energies (kJ/mol)
           Bond          Angle    Proper Dih. Per. Imp. Dih.          LJ-14
    6.28807e+02    1.14847e+03    7.87847e+03    8.42218e+01    2.61708e+03
     Coulomb-14        LJ (SR)   Coulomb (SR)   Coul. recip.      Potential
    2.26717e+04    5.44287e+04   -7.06062e+05    4.87850e+03   -6.11727e+05
 Pressure (bar)
    1.06490e+04

           Step           Time
             53       53.00000

   Energies (kJ/mol)
           Bond          Angle    Proper Dih. Per. Imp. Dih.          LJ-14
    6.35981e+02    1.15183e+03    7.87828e+03    8.44663e+01    2.61220e+03
     Coulomb-14        LJ (SR)   Coulomb (SR)   Coul. recip.      Potential
    2.26779e+04    5.44290e+04   -7.06430e+05    4.86855e+03   -6.12091e+05
 Pressure (bar)
    1.06413e+04

           Step           Time
             54       54.00000

   Energies (kJ/mol)
           Bond          Angle    Proper Dih. Per. Imp. Dih.          LJ-14
    9.11463e+02    1.17604e+03    7.87566e+03    8.40686e+01    2.61088e+03
     Coulomb-14        LJ (SR)   Coulomb (SR)   Coul. recip.      Potential
    2.26612e+04    5.44520e+04   -7.06886e+05    4.85020e+03   -6.12265e+05
 Pressure (bar)
    1.06321e+04

           Step           Time
             55       55.00000

   Energies (kJ/mol)
           Bond          Angle    Proper Dih. Per. Imp. Dih.          LJ-14
    9.91841e+02    1.18798e+03    7.87595e+03    8.46985e+01    2.60552e+03
     Coulomb-14        LJ (SR)   Coulomb (SR)   Coul. recip.      Potential
    2.26717e+04    5.44506e+04   -7.07242e+05    4.84184e+03   -6.12532e+05
 Pressure (bar)
    1.06233e+04

           Step           Time
             56       56.00000

           Step           Time
             57       57.00000

   Energies (kJ/mol)
           Bond          Angle    Proper Dih. Per. Imp. Dih.          LJ-14
    3.41661e+02    1.11918e+03    7.87438e+03    8.41633e+01    2.60442e+03
     Coulomb-14        LJ (SR)   Coulomb (SR)   Coul. recip.      Potential
    2.26608e+04    5.44611e+04   -7.07466e+05    4.83083e+03   -6.13490e+05
 Pressure (bar)
    1.06368e+04

           Step           Time
             58       58.00000

   Energies (kJ/mol)
           Bond          Angle    Proper Dih. Per. Imp. Dih.          LJ-14
    1.31460e+03    1.20292e+03    7.87024e+03    8.40393e+01    2.59060e+03
     Coulomb-14        LJ (SR)   Coulomb (SR)   Coul. recip.      Potential
    2.26534e+04    5.45231e+04   -7.09096e+05    4.78019e+03   -6.14077e+05
 Pressure (bar)
    1.05972e+04

           Step           Time
             59       59.00000

   Energies (kJ/mol)
           Bond          Angle    Proper Dih. Per. Imp. Dih.          LJ-14
    4.53098e+02    1.12426e+03    7.86821e+03    8.36629e+01    2.58952e+03
     Coulomb-14        LJ (SR)   Coulomb (SR)   Coul. recip.      Potential
    2.26392e+04    5.45398e+04   -7.09350e+05    4.76718e+03   -6.15285e+05
 Pressure (bar)
    1.06111e+04

           Step           Time
             60       60.00000

           Step           Time
             61       61.00000

   Energies (kJ/mol)
           Bond          Angle    Proper Dih. Per. Imp. Dih.          LJ-14
    5.18436e+02    1.12929e+03    7.86782e+03    8.38910e+01    2.58552e+03
     Coulomb-14        LJ (SR)   Coulomb (SR)   Coul. recip.      Potential
    2.26422e+04    5.45519e+04   -7.09721e+05    4.75660e+03   -6.15585e+05
 Pressure (bar)
    1.06067e+04

           Step           Time
             62       62.00000

   Energies (kJ/mol)
           Bond          Angle    Proper Dih. Per. Imp. Dih.          LJ-14
    5.88217e+02    1.13619e+03    7.86584e+03    8.36101e+01    2.58401e+03
     Coulomb-14        LJ (SR)   Coulomb (SR)   Coul. recip.      Potential
    2.26303e+04    5.45778e+04   -7.10090e+05    4.74328e+03   -6.15881e+05
 Pressure (bar)
    1.06021e+04

           Step           Time
             63       63.00000

   Energies (kJ/mol)
           Bond          Angle    Proper Dih. Per. Imp. Dih.          LJ-14
    7.12688e+02    1.14841e+03    7.86574e+03    8.40407e+01    2.57971e+03
     Coulomb-14        LJ (SR)   Coulomb (SR)   Coul. recip.      Potential
    2.26365e+04    5.45894e+04   -7.10441e+05    4.73373e+03   -6.16091e+05
 Pressure (bar)
    1.05954e+04

           Step           Time
             64       64.00000

   Energies (kJ/mol)
           Bond          Angle    Proper Dih. Per. Imp. Dih.          LJ-14
    8.65100e+02    1.16399e+03    7.86343e+03    8.36585e+01    2.57885e+03
     Coulomb-14        LJ (SR)   Coulomb (SR)   Coul. recip.      Potential
    2.26211e+04    5.46204e+04   -7.10813e+05    4.72037e+03   -6.16296e+05
 Pressure (bar)
    1.05902e+04

           Step           Time
             65       65.00000

   Energies (kJ/mol)
           Bond          Angle    Proper Dih. Per. Imp. Dih.          LJ-14
    1.11422e+03    1.19075e+03    7.86379e+03    8.45189e+01    2.57416e+03
     Coulomb-14        LJ (SR)   Coulomb (SR)   Coul. recip.      Potential
    2.26315e+04    5.46303e+04   -7.11146e+05    4.71206e+03   -6.16345e+05
 Pressure (bar)
    1.05803e+04

           Step           Time
             66       66.00000

   Energies (kJ/mol)
           Bond          Angle    Proper Dih. Per. Imp. Dih.          LJ-14
    1.44080e+03    1.22796e+03    7.86096e+03    8.38645e+01    2.57424e+03
     Coulomb-14        LJ (SR)   Coulomb (SR)   Coul. recip.      Potential
    2.26112e+04    5.46685e+04   -7.11524e+05    4.69875e+03   -6.16357e+05
 Pressure (bar)
    1.05724e+04

           Step           Time
             67       67.00000

           Step           Time
             68       68.00000

   Energies (kJ/mol)
           Bond          Angle    Proper Dih. Per. Imp. Dih.          LJ-14
    3.41891e+02    1.11181e+03    7.86149e+03    8.42670e+01    2.57006e+03
     Coulomb-14        LJ (SR)   Coulomb (SR)   Coul. recip.      Potential
    2.26195e+04    5.46641e+04   -7.11680e+05    4.69264e+03   -6.17734e+05
 Pressure (bar)
    1.05947e+04

           Step           Time
             69       69.00000

           Step           Time
             70       70.00000

   Energies (kJ/mol)
           Bond          Angle    Proper Dih. Per. Imp. Dih.          LJ-14
    6.71995e+02    1.13665e+03    7.85835e+03    8.37149e+01    2.56483e+03
     Coulomb-14        LJ (SR)   Coulomb (SR)   Coul. recip.      Potential
    2.26045e+04    5.47337e+04   -7.12567e+05    4.66580e+03   -6.18247e+05
 Pressure (bar)
    1.05839e+04

           Step           Time
             71       71.00000

   Energies (kJ/mol)
           Bond          Angle    Proper Dih. Per. Imp. Dih.          LJ-14
    4.03758e+02    1.11287e+03    7.85830e+03    8.39598e+01    2.56133e+03
     Coulomb-14        LJ (SR)   Coulomb (SR)   Coul. recip.      Potential
    2.26099e+04    5.47440e+04   -7.12782e+05    4.65824e+03   -6.18750e+05
 Pressure (bar)
    1.05834e+04

           Step           Time
             72       72.00000

   Energies (kJ/mol)
           Bond          Angle    Proper Dih. Per. Imp. Dih.          LJ-14
    8.91632e+02    1.15965e+03    7.85600e+03    8.37067e+01    2.55926e+03
     Coulomb-14        LJ (SR)   Coulomb (SR)   Coul. recip.      Potential
    2.25957e+04    5.47958e+04   -7.13345e+05    4.64185e+03   -6.18762e+05
 Pressure (bar)
    1.05722e+04

           Step           Time
             73       73.00000

   Energies (kJ/mol)
           Bond          Angle    Proper Dih. Per. Imp. Dih.          LJ-14
    5.52434e+02    1.12744e+03    7.85627e+03    8.41199e+01    2.55518e+03
     Coulomb-14        LJ (SR)   Coulomb (SR)   Coul. recip.      Potential
    2.26038e+04    5.48047e+04   -7.13571e+05    4.63425e+03   -6.19353e+05
 Pressure (bar)
    1.05759e+04

           Step           Time
             74       74.00000

           Step           Time
             75       75.00000

   Energies (kJ/mol)
           Bond          Angle    Proper Dih. Per. Imp. Dih.          LJ-14
    3.97046e+02    1.11083e+03    7.85506e+03    8.38248e+01    2.55436e+03
     Coulomb-14        LJ (SR)   Coulomb (SR)   Coul. recip.      Potential
    2.25953e+04    5.48275e+04   -7.13805e+05    4.62684e+03   -6.19754e+05
 Pressure (bar)
    1.05798e+04

           Step           Time
             76       76.00000

   Energies (kJ/mol)
           Bond          Angle    Proper Dih. Per. Imp. Dih.          LJ-14
    7.08082e+02    1.14045e+03    7.85434e+03    8.41376e+01    2.54966e+03
     Coulomb-14        LJ (SR)   Coulomb (SR)   Coul. recip.      Potential
    2.25977e+04    5.48668e+04   -7.14299e+05    4.61246e+03   -6.19885e+05
 Pressure (bar)
    1.05694e+04

           Step           Time
             77       77.00000

   Energies (kJ/mol)
           Bond          Angle    Proper Dih. Per. Imp. Dih.          LJ-14
    5.16495e+02    1.12224e+03    7.85283e+03    8.38090e+01    2.54905e+03
     Coulomb-14        LJ (SR)   Coulomb (SR)   Coul. recip.      Potential
    2.25866e+04    5.48948e+04   -7.14555e+05    4.60438e+03   -6.20345e+05
 Pressure (bar)
    1.05734e+04

           Step           Time
             78       78.00000

           Step           Time
             79       79.00000

   Energies (kJ/mol)
           Bond          Angle    Proper Dih. Per. Imp. Dih.          LJ-14
    3.69113e+02    1.10649e+03    7.85277e+03    8.39952e+01    2.54646e+03
     Coulomb-14        LJ (SR)   Coulomb (SR)   Coul. recip.      Potential
    2.25898e+04    5.49085e+04   -7.14756e+05    4.59800e+03   -6.20701e+05
 Pressure (bar)
    1.05756e+04

           Step           Time
             80       80.00000

   Energies (kJ/mol)
           Bond          Angle    Proper Dih. Per. Imp. Dih.          LJ-14
    6.37861e+02    1.13254e+03    7.85077e+03    8.37880e+01    2.54387e+03
     Coulomb-14        LJ (SR)   Coulomb (SR)   Coul. recip.      Potential
    2.25784e+04    5.49654e+04   -7.15292e+05    4.58279e+03   -6.20917e+05
 Pressure (bar)
    1.05684e+04

           Step           Time
             81       81.00000

   Energies (kJ/mol)
           Bond          Angle    Proper Dih. Per. Imp. Dih.          LJ-14
    4.47978e+02    1.11348e+03    7.85087e+03    8.40892e+01    2.54071e+03
     Coulomb-14        LJ (SR)   Coulomb (SR)   Coul. recip.      Potential
    2.25836e+04    5.49800e+04   -7.15507e+05    4.57560e+03   -6.21331e+05
 Pressure (bar)
    1.05707e+04

           Step           Time
             82       82.00000

           Step           Time
             83       83.00000

   Energies (kJ/mol)
           Bond          Angle    Proper Dih. Per. Imp. Dih.          LJ-14
    3.69996e+02    1.10543e+03    7.84992e+03    8.38996e+01    2.53980e+03
     Coulomb-14        LJ (SR)   Coulomb (SR)   Coul. recip.      Potential
    2.25772e+04    5.50045e+04   -7.15727e+05    4.56928e+03   -6.21627e+05
 Pressure (bar)
    1.05727e+04

           Step           Time
             84       84.00000

   Energies (kJ/mol)
           Bond          Angle    Proper Dih. Per. Imp. Dih.          LJ-14
    5.29307e+02    1.12015e+03    7.84920e+03    8.41183e+01    2.53568e+03
     Coulomb-14        LJ (SR)   Coulomb (SR)   Coul. recip.      Potential
    2.25779e+04    5.50490e+04   -7.16184e+05    4.55576e+03   -6.21883e+05
 Pressure (bar)
    1.05673e+04

           Step           Time
             85       85.00000

   Energies (kJ/mol)
           Bond          Angle    Proper Dih. Per. Imp. Dih.          LJ-14
    4.35482e+02    1.11140e+03    7.84804e+03    8.38966e+01    2.53490e+03
     Coulomb-14        LJ (SR)   Coulomb (SR)   Coul. recip.      Potential
    2.25696e+04    5.50780e+04   -7.16424e+05    4.54903e+03   -6.22214e+05
 Pressure (bar)
    1.05696e+04

           Step           Time
             86       86.00000

   Energies (kJ/mol)
           Bond          Angle    Proper Dih. Per. Imp. Dih.          LJ-14
    6.82389e+02    1.13489e+03    7.84777e+03    8.42777e+01    2.53112e+03
     Coulomb-14        LJ (SR)   Coulomb (SR)   Coul. recip.      Potential
    2.25731e+04    5.51151e+04   -7.16802e+05    4.53790e+03   -6.22295e+05
 Pressure (bar)
    1.05630e+04

           Step           Time
             87       87.00000

   Energies (kJ/mol)
           Bond          Angle    Proper Dih. Per. Imp. Dih.          LJ-14
    5.82847e+02    1.12646e+03    7.84633e+03    8.39637e+01    2.53064e+03
     Coulomb-14        LJ (SR)   Coulomb (SR)   Coul. recip.      Potential
    2.25621e+04    5.51489e+04   -7.17059e+05    4.53107e+03   -6.22646e+05
 Pressure (bar)
    1.05657e+04

           Step           Time
             88       88.00000

           Step           Time
             89       89.00000

   Energies (kJ/mol)
           Bond          Angle    Proper Dih. Per. Imp. Dih.          LJ-14
    3.57681e+02    1.10289e+03    7.84641e+03    8.41687e+01    2.52828e+03
     Coulomb-14        LJ (SR)   Coulomb (SR)   Coul. recip.      Potential
    2.25656e+04    5.51626e+04   -7.17224e+05    4.52530e+03   -6.23051e+05
 Pressure (bar)
    1.05702e+04

           Step           Time
             90       90.00000

   Energies (kJ/mol)
           Bond          Angle    Proper Dih. Per. Imp. Dih.          LJ-14
    7.28033e+02    1.13875e+03    7.84431e+03    8.39744e+01    2.52510e+03
     Coulomb-14        LJ (SR)   Coulomb (SR)   Coul. recip.      Potential
    2.25534e+04    5.52453e+04   -7.17876e+05    4.50827e+03   -6.23249e+05
 Pressure (bar)
    1.05627e+04

           Step           Time
             91       91.00000

   Energies (kJ/mol)
           Bond          Angle    Proper Dih. Per. Imp. Dih.          LJ-14
    4.28869e+02    1.10927e+03    7.84452e+03    8.42931e+01    2.52211e+03
     Coulomb-14        LJ (SR)   Coulomb (SR)   Coul. recip.      Potential
    2.25588e+04    5.52603e+04   -7.18057e+05    4.50133e+03   -6.23747e+05
 Pressure (bar)
    1.05677e+04

           Step           Time
             92       92.00000

           Step           Time
             93       93.00000

   Energies (kJ/mol)
           Bond          Angle    Proper Dih. Per. Imp. Dih.          LJ-14
    3.98404e+02    1.10600e+03    7.84362e+03    8.41028e+01    2.52120e+03
     Coulomb-14        LJ (SR)   Coulomb (SR)   Coul. recip.      Potential
    2.25524e+04    5.52916e+04   -7.18292e+05    4.49533e+03   -6.23999e+05
 Pressure (bar)
    1.05695e+04

           Step           Time
             94       94.00000

   Energies (kJ/mol)
           Bond          Angle    Proper Dih. Per. Imp. Dih.          LJ-14
    5.07853e+02    1.11627e+03    7.84330e+03    8.43503e+01    2.51800e+03
     Coulomb-14        LJ (SR)   Coulomb (SR)   Coul. recip.      Potential
    2.25543e+04    5.53308e+04   -7.18627e+05    4.48522e+03   -6.24187e+05
 Pressure (bar)
    1.05664e+04

           Step           Time
             95       95.00000

   Energies (kJ/mol)
           Bond          Angle    Proper Dih. Per. Imp. Dih.          LJ-14
    4.82496e+02    1.11435e+03    7.84222e+03    8.41133e+01    2.51730e+03
     Coulomb-14        LJ (SR)   Coulomb (SR)   Coul. recip.      Potential
    2.25460e+04    5.53661e+04   -7.18876e+05    4.47922e+03   -6.24444e+05
 Pressure (bar)
    1.05681e+04

           Step           Time
             96       96.00000

   Energies (kJ/mol)
           Bond          Angle    Proper Dih. Per. Imp. Dih.          LJ-14
    6.62133e+02    1.13149e+03    7.84218e+03    8.45252e+01    2.51407e+03
     Coulomb-14        LJ (SR)   Coulomb (SR)   Coul. recip.      Potential
    2.25502e+04    5.54014e+04   -7.19178e+05    4.46984e+03   -6.24523e+05
 Pressure (bar)
    1.05638e+04

           Step           Time
             97       97.00000

   Energies (kJ/mol)
           Bond          Angle    Proper Dih. Per. Imp. Dih.          LJ-14
    6.62278e+02    1.13324e+03    7.84085e+03    8.41830e+01    2.51374e+03
     Coulomb-14        LJ (SR)   Coulomb (SR)   Coul. recip.      Potential
    2.25394e+04    5.54412e+04   -7.19438e+05    4.46415e+03   -6.24759e+05
 Pressure (bar)
    1.05652e+04

           Step           Time
             98       98.00000

           Step           Time
             99       99.00000

   Energies (kJ/mol)
           Bond          Angle    Proper Dih. Per. Imp. Dih.          LJ-14
    3.49893e+02    1.10077e+03    7.84100e+03    8.44027e+01    2.51150e+03
     Coulomb-14        LJ (SR)   Coulomb (SR)   Coul. recip.      Potential
    2.25431e+04    5.54544e+04   -7.19578e+05    4.45867e+03   -6.25234e+05
 Pressure (bar)
    1.05720e+04

           Step           Time
            100      100.00000

   Energies (kJ/mol)
           Bond          Angle    Proper Dih. Per. Imp. Dih.          LJ-14
    8.35361e+02    1.14700e+03    7.83871e+03    8.41662e+01    2.50727e+03
     Coulomb-14        LJ (SR)   Coulomb (SR)   Coul. recip.      Potential
    2.25293e+04    5.55791e+04   -7.20427e+05    4.43779e+03   -6.25468e+05
 Pressure (bar)
    1.05648e+04

           Step           Time
            101      101.00000

   Energies (kJ/mol)
           Bond          Angle    Proper Dih. Per. Imp. Dih.          LJ-14
    4.13748e+02    1.10634e+03    7.83898e+03    8.44933e+01    2.50433e+03
     Coulomb-14        LJ (SR)   Coulomb (SR)   Coul. recip.      Potential
    2.25349e+04    5.55938e+04   -7.20582e+05    4.43073e+03   -6.26074e+05
 Pressure (bar)
    1.05723e+04

           Step           Time
            102      102.00000

           Step           Time
            103      103.00000

   Energies (kJ/mol)
           Bond          Angle    Proper Dih. Per. Imp. Dih.          LJ-14
    4.33990e+02    1.10816e+03    7.83814e+03    8.42971e+01    2.50342e+03
     Coulomb-14        LJ (SR)   Coulomb (SR)   Coul. recip.      Potential
    2.25285e+04    5.56330e+04   -7.20836e+05    4.42500e+03   -6.26281e+05
 Pressure (bar)
    1.05741e+04

           Step           Time
            104      104.00000

   Energies (kJ/mol)
           Bond          Angle    Proper Dih. Per. Imp. Dih.          LJ-14
    4.90266e+02    1.11353e+03    7.83804e+03    8.45583e+01    2.50077e+03
     Coulomb-14        LJ (SR)   Coulomb (SR)   Coul. recip.      Potential
    2.25310e+04    5.56685e+04   -7.21098e+05    4.41668e+03   -6.26454e+05
 Pressure (bar)
    1.05729e+04

           Step           Time
            105      105.00000

   Energies (kJ/mol)
           Bond          Angle    Proper Dih. Per. Imp. Dih.          LJ-14
    5.38733e+02    1.11898e+03    7.83703e+03    8.43057e+01    2.50014e+03
     Coulomb-14        LJ (SR)   Coulomb (SR)   Coul. recip.      Potential
    2.25228e+04    5.57107e+04   -7.21355e+05    4.41141e+03   -6.26631e+05
 Pressure (bar)
    1.05739e+04

           Step           Time
            106      106.00000

   Energies (kJ/mol)
           Bond          Angle    Proper Dih. Per. Imp. Dih.          LJ-14
    6.46001e+02    1.12927e+03    7.83715e+03    8.47471e+01    2.49727e+03
     Coulomb-14        LJ (SR)   Coulomb (SR)   Coul. recip.      Potential
    2.25274e+04    5.57443e+04   -7.21605e+05    4.40296e+03   -6.26736e+05
 Pressure (bar)
    1.05717e+04

           Step           Time
            107      107.00000

   Energies (kJ/mol)
           Bond          Angle    Proper Dih. Per. Imp. Dih.          LJ-14
    7.54703e+02    1.14215e+03    7.83591e+03    8.43757e+01    2.49709e+03
     Coulomb-14        LJ (SR)   Coulomb (SR)   Coul. recip.      Potential
    2.25168e+04    5.57901e+04   -7.21867e+05    4.39850e+03   -6.26847e+05
 Pressure (bar)
    1.05717e+04

           Step           Time
            108      108.00000

           Step           Time
            109      109.00000

   Energies (kJ/mol)
           Bond          Angle    Proper Dih. Per. Imp. Dih.          LJ-14
    3.45603e+02    1.09973e+03    7.83612e+03    8.46103e+01    2.49493e+03
     Coulomb-14        LJ (SR)   Coulomb (SR)   Coul. recip.      Potential
    2.25206e+04    5.58026e+04   -7.21986e+05    4.39303e+03   -6.27409e+05
 Pressure (bar)
    1.05809e+04

           Step           Time
            110      110.00000

   Energies (kJ/mol)
           Bond          Angle    Proper Dih. Per. Imp. Dih.          LJ-14
    9.56044e+02    1.15595e+03    7.83342e+03    8.42918e+01    2.48854e+03
     Coulomb-14        LJ (SR)   Coulomb (SR)   Coul. recip.      Potential
    2.25037e+04    5.60089e+04   -7.23219e+05    4.36393e+03   -6.27824e+05
 Pressure (bar)
    1.05764e+04

           Step           Time
            111      111.00000

   Energies (kJ/mol)
           Bond          Angle    Proper Dih. Per. Imp. Dih.          LJ-14
    4.02853e+02    1.10436e+03    7.83369e+03    8.46023e+01    2.48558e+03
     Coulomb-14        LJ (SR)   Coulomb (SR)   Coul. recip.      Potential
    2.25094e+04    5.60235e+04   -7.23353e+05    4.35644e+03   -6.28553e+05
 Pressure (bar)
    1.05861e+04

           Step           Time
            112      112.00000

           Step           Time
            113      113.00000

   Energies (kJ/mol)
           Bond          Angle    Proper Dih. Per. Imp. Dih.          LJ-14
    4.74304e+02    1.11139e+03    7.83294e+03    8.44267e+01    2.48468e+03
     Coulomb-14        LJ (SR)   Coulomb (SR)   Coul. recip.      Potential
    2.25031e+04    5.60714e+04   -7.23625e+05    4.35102e+03   -6.28712e+05
 Pressure (bar)
    1.05881e+04

           Step           Time
            114      114.00000

   Energies (kJ/mol)
           Bond          Angle    Proper Dih. Per. Imp. Dih.          LJ-14
    4.76563e+02    1.11182e+03    7.83296e+03    8.46972e+01    2.48239e+03
     Coulomb-14        LJ (SR)   Coulomb (SR)   Coul. recip.      Potential
    2.25058e+04    5.61043e+04   -7.23837e+05    4.34378e+03   -6.28894e+05
 Pressure (bar)
    1.05886e+04

           Step           Time
            115      115.00000

   Energies (kJ/mol)
           Bond          Angle    Proper Dih. Per. Imp. Dih.          LJ-14
    5.99354e+02    1.12466e+03    7.83204e+03    8.44426e+01    2.48183e+03
     Coulomb-14        LJ (SR)   Coulomb (SR)   Coul. recip.      Potential
    2.24980e+04    5.61536e+04   -7.24101e+05    4.33926e+03   -6.28988e+05
 Pressure (bar)
    1.05891e+04

           Step           Time
            116      116.00000

   Energies (kJ/mol)
           Bond          Angle    Proper Dih. Per. Imp. Dih.          LJ-14
    6.33247e+02    1.12815e+03    7.83224e+03    8.49146e+01    2.47926e+03
     Coulomb-14        LJ (SR)   Coulomb (SR)   Coul. recip.      Potential
    2.25027e+04    5.61859e+04   -7.24312e+05    4.33142e+03   -6.29134e+05
 Pressure (bar)
    1.05890e+04

           Step           Time
            117      117.00000

           Step           Time
            118      118.00000

   Energies (kJ/mol)
           Bond          Angle    Proper Dih. Per. Imp. Dih.          LJ-14
    3.50885e+02    1.09997e+03    7.83168e+03    8.46117e+01    2.47883e+03
     Coulomb-14        LJ (SR)   Coulomb (SR)   Coul. recip.      Potential
    2.24976e+04    5.62093e+04   -7.24441e+05    4.32901e+03   -6.29559e+05
 Pressure (bar)
    1.05970e+04

           Step           Time
            119      119.00000

   Energies (kJ/mol)
           Bond          Angle    Proper Dih. Per. Imp. Dih.          LJ-14
    7.81241e+02    1.13860e+03    7.83056e+03    8.48137e+01    2.47251e+03
     Coulomb-14        LJ (SR)   Coulomb (SR)   Coul. recip.      Potential
    2.24938e+04    5.63774e+04   -7.25374e+05    4.30449e+03   -6.29890e+05
 Pressure (bar)
    1.05959e+04

           Step           Time
            120      120.00000

   Energies (kJ/mol)
           Bond          Angle    Proper Dih. Per. Imp. Dih.          LJ-14
    4.01426e+02    1.10497e+03    7.82982e+03    8.45087e+01    2.47206e+03
     Coulomb-14        LJ (SR)   Coulomb (SR)   Coul. recip.      Potential
    2.24872e+04    5.64060e+04   -7.25524e+05    4.30184e+03   -6.30436e+05
 Pressure (bar)
    1.06046e+04

           Step           Time
            121      121.00000

           Step           Time
            122      122.00000

   Energies (kJ/mol)
           Bond          Angle    Proper Dih. Per. Imp. Dih.          LJ-14
    4.33326e+02    1.10713e+03    7.82977e+03    8.47146e+01    2.47011e+03
     Coulomb-14        LJ (SR)   Coulomb (SR)   Coul. recip.      Potential
    2.24884e+04    5.64461e+04   -7.25752e+05    4.29493e+03   -6.30598e+05
 Pressure (bar)
    1.06065e+04

           Step           Time
            123      123.00000

   Energies (kJ/mol)
           Bond          Angle    Proper Dih. Per. Imp. Dih.          LJ-14
    4.63762e+02    1.11138e+03    7.82908e+03    8.45025e+01    2.46939e+03
     Coulomb-14        LJ (SR)   Coulomb (SR)   Coul. recip.      Potential
    2.24827e+04    5.64910e+04   -7.25978e+05    4.29090e+03   -6.30755e+05
 Pressure (bar)
    1.06081e+04

           Step           Time
            124      124.00000

   Energies (kJ/mol)
           Bond          Angle    Proper Dih. Per. Imp. Dih.          LJ-14
    5.24712e+02    1.11660e+03    7.82914e+03    8.48255e+01    2.46725e+03
     Coulomb-14        LJ (SR)   Coulomb (SR)   Coul. recip.      Potential
    2.24852e+04    5.65299e+04   -7.26198e+05    4.28358e+03   -6.30876e+05
 Pressure (bar)
    1.06088e+04

           Step           Time
            125      125.00000

   Energies (kJ/mol)
           Bond          Angle    Proper Dih. Per. Imp. Dih.          LJ-14
    5.92029e+02    1.12502e+03    7.82833e+03    8.45238e+01    2.46685e+03
     Coulomb-14        LJ (SR)   Coulomb (SR)   Coul. recip.      Potential
    2.24779e+04    5.65773e+04   -7.26426e+05    4.28045e+03   -6.30993e+05
 Pressure (bar)
    1.06102e+04

           Step           Time
            126      126.00000

   Energies (kJ/mol)
           Bond          Angle    Proper Dih. Per. Imp. Dih.          LJ-14
    7.12633e+02    1.13643e+03    7.82854e+03    8.50708e+01    2.46448e+03
     Coulomb-14        LJ (SR)   Coulomb (SR)   Coul. recip.      Potential
    2.24824e+04    5.66144e+04   -7.26638e+05    4.27247e+03   -6.31042e+05
 Pressure (bar)
    1.06092e+04

           Step           Time
            127      127.00000

   Energies (kJ/mol)
           Bond          Angle    Proper Dih. Per. Imp. Dih.          LJ-14
    8.57172e+02    1.15449e+03    7.82753e+03    8.45993e+01    2.46452e+03
     Coulomb-14        LJ (SR)   Coulomb (SR)   Coul. recip.      Potential
    2.24728e+04    5.66652e+04   -7.26870e+05    4.27063e+03   -6.31073e+05
 Pressure (bar)
    1.06095e+04

           Step           Time
            128      128.00000

           Step           Time
            129      129.00000

   Energies (kJ/mol)
           Bond          Angle    Proper Dih. Per. Imp. Dih.          LJ-14
    3.52998e+02    1.10128e+03    7.82777e+03    8.48885e+01    2.46251e+03
     Coulomb-14        LJ (SR)   Coulomb (SR)   Coul. recip.      Potential
    2.24764e+04    5.66785e+04   -7.26972e+05    4.26485e+03   -6.31722e+05
 Pressure (bar)
    1.06214e+04

           Step           Time
            130      130.00000

   Energies (kJ/mol)
           Bond          Angle    Proper Dih. Per. Imp. Dih.          LJ-14
    1.11399e+03    1.17044e+03    7.82576e+03    8.44186e+01    2.45750e+03
     Coulomb-14        LJ (SR)   Coulomb (SR)   Coul. recip.      Potential
    2.24612e+04    5.69192e+04   -7.28117e+05    4.24206e+03   -6.31842e+05
 Pressure (bar)
    1.06204e+04

           Step           Time
            131      131.00000

   Energies (kJ/mol)
           Bond          Angle    Proper Dih. Per. Imp. Dih.          LJ-14
    4.23320e+02    1.10743e+03    7.82601e+03    8.47662e+01    2.45457e+03
     Coulomb-14        LJ (SR)   Coulomb (SR)   Coul. recip.      Potential
    2.24668e+04    5.69345e+04   -7.28233e+05    4.23360e+03   -6.32702e+05
 Pressure (bar)
    1.06328e+04

           Step           Time
            132      132.00000

           Step           Time
            133      133.00000

   Energies (kJ/mol)
           Bond          Angle    Proper Dih. Per. Imp. Dih.          LJ-14
    5.13562e+02    1.11629e+03    7.82545e+03    8.45512e+01    2.45400e+03
     Coulomb-14        LJ (SR)   Coulomb (SR)   Coul. recip.      Potential
    2.24611e+04    5.69865e+04   -7.28474e+05    4.23008e+03   -6.32802e+05
 Pressure (bar)
    1.06357e+04

           Step           Time
            134      134.00000

   Energies (kJ/mol)
           Bond          Angle    Proper Dih. Per. Imp. Dih.          LJ-14
    5.14571e+02    1.11705e+03    7.82553e+03    8.48671e+01    2.45204e+03
     Coulomb-14        LJ (SR)   Coulomb (SR)   Coul. recip.      Potential
    2.24638e+04    5.70219e+04   -7.28657e+05    4.22326e+03   -6.32954e+05
 Pressure (bar)
    1.06372e+04

           Step           Time
            135      135.00000

   Energies (kJ/mol)
           Bond          Angle    Proper Dih. Per. Imp. Dih.          LJ-14
    6.68815e+02    1.13326e+03    7.82479e+03    8.45467e+01    2.45177e+03
     Coulomb-14        LJ (SR)   Coulomb (SR)   Coul. recip.      Potential
    2.24567e+04    5.70752e+04   -7.28891e+05    4.22086e+03   -6.32975e+05
 Pressure (bar)
    1.06381e+04

           Step           Time
            136      136.00000

   Energies (kJ/mol)
           Bond          Angle    Proper Dih. Per. Imp. Dih.          LJ-14
    7.09958e+02    1.13807e+03    7.82501e+03    8.51316e+01    2.44955e+03
     Coulomb-14        LJ (SR)   Coulomb (SR)   Coul. recip.      Potential
    2.24612e+04    5.71098e+04   -7.29074e+05    4.21310e+03   -6.33082e+05
 Pressure (bar)
    1.06387e+04

           Step           Time
            137      137.00000

           Step           Time
            138      138.00000

   Energies (kJ/mol)
           Bond          Angle    Proper Dih. Per. Imp. Dih.          LJ-14
    3.59629e+02    1.10259e+03    7.82456e+03    8.47394e+01    2.44916e+03
     Coulomb-14        LJ (SR)   Coulomb (SR)   Coul. recip.      Potential
    2.24567e+04    5.71345e+04   -7.29189e+05    4.21173e+03   -6.33566e+05
 Pressure (bar)
    1.06488e+04

           Step           Time
            139      139.00000

   Energies (kJ/mol)
           Bond          Angle    Proper Dih. Per. Imp. Dih.          LJ-14
    9.01539e+02    1.15094e+03    7.82380e+03    8.49552e+01    2.44425e+03
     Coulomb-14        LJ (SR)   Coulomb (SR)   Coul. recip.      Potential
    2.24541e+04    5.73109e+04   -7.29994e+05    4.19168e+03   -6.33632e+05
 Pressure (bar)
    1.06488e+04

           Step           Time
            140      140.00000

   Energies (kJ/mol)
           Bond          Angle    Proper Dih. Per. Imp. Dih.          LJ-14
    4.22998e+02    1.10920e+03    7.82319e+03    8.45702e+01    2.44383e+03
     Coulomb-14        LJ (SR)   Coulomb (SR)   Coul. recip.      Potential
    2.24480e+04    5.73408e+04   -7.30129e+05    4.19014e+03   -6.34266e+05
 Pressure (bar)
    1.06599e+04

           Step           Time
            141      141.00000

           Step           Time
            142      142.00000

   Energies (kJ/mol)
           Bond          Angle    Proper Dih. Per. Imp. Dih.          LJ-14
    4.63393e+02    1.11189e+03    7.82321e+03    8.48051e+01    2.44220e+03
     Coulomb-14        LJ (SR)   Coulomb (SR)   Coul. recip.      Potential
    2.24493e+04    5.73830e+04   -7.30328e+05    4.18385e+03   -6.34387e+05
 Pressure (bar)
    1.06625e+04

           Step           Time
            143      143.00000

   Energies (kJ/mol)
           Bond          Angle    Proper Dih. Per. Imp. Dih.          LJ-14
    5.01992e+02    1.11751e+03    7.82264e+03    8.45330e+01    2.44171e+03
     Coulomb-14        LJ (SR)   Coulomb (SR)   Coul. recip.      Potential
    2.24441e+04    5.74307e+04   -7.30530e+05    4.18139e+03   -6.34505e+05
 Pressure (bar)
    1.06647e+04

           Step           Time
            144      144.00000

   Energies (kJ/mol)
           Bond          Angle    Proper Dih. Per. Imp. Dih.          LJ-14
    5.79757e+02    1.12421e+03    7.82273e+03    8.49201e+01    2.43988e+03
     Coulomb-14        LJ (SR)   Coulomb (SR)   Coul. recip.      Potential
    2.24467e+04    5.74715e+04   -7.30723e+05    4.17440e+03   -6.34579e+05
 Pressure (bar)
    1.06659e+04

           Step           Time
            145      145.00000

   Energies (kJ/mol)
           Bond          Angle    Proper Dih. Per. Imp. Dih.          LJ-14
    6.65195e+02    1.13530e+03    7.82204e+03    8.45393e+01    2.43972e+03
     Coulomb-14        LJ (SR)   Coulomb (SR)   Coul. recip.      Potential
    2.24400e+04    5.75217e+04   -7.30928e+05    4.17307e+03   -6.34646e+05
 Pressure (bar)
    1.06677e+04

           Step           Time
            146      146.00000

           Step           Time
            147      147.00000

   Energies (kJ/mol)
           Bond          Angle    Proper Dih. Per. Imp. Dih.          LJ-14
    3.56615e+02    1.10296e+03    7.82216e+03    8.47562e+01    2.43829e+03
     Coulomb-14        LJ (SR)   Coulomb (SR)   Coul. recip.      Potential
    2.24422e+04    5.75386e+04   -7.31021e+05    4.16830e+03   -6.35067e+05
 Pressure (bar)
    1.06758e+04

           Step           Time
            148      148.00000

   Energies (kJ/mol)
           Bond          Angle    Proper Dih. Per. Imp. Dih.          LJ-14
    8.21912e+02    1.14676e+03    7.82062e+03    8.43591e+01    2.43381e+03
     Coulomb-14        LJ (SR)   Coulomb (SR)   Coul. recip.      Potential
    2.24304e+04    5.77813e+04   -7.32038e+05    4.14891e+03   -6.35370e+05
 Pressure (bar)
    1.06837e+04

           Step           Time
            149      149.00000

   Energies (kJ/mol)
           Bond          Angle    Proper Dih. Per. Imp. Dih.          LJ-14
    3.99154e+02    1.10723e+03    7.82073e+03    8.46462e+01    2.43178e+03
     Coulomb-14        LJ (SR)   Coulomb (SR)   Coul. recip.      Potential
    2.24338e+04    5.78006e+04   -7.32144e+05    4.14215e+03   -6.35924e+05
 Pressure (bar)
    1.06921e+04

           Step           Time
            150      150.00000

           Step           Time
            151      151.00000

   Energies (kJ/mol)
           Bond          Angle    Proper Dih. Per. Imp. Dih.          LJ-14
    4.57543e+02    1.11324e+03    7.82031e+03    8.44579e+01    2.43114e+03
     Coulomb-14        LJ (SR)   Coulomb (SR)   Coul. recip.      Potential
    2.24296e+04    5.78541e+04   -7.32364e+05    4.13911e+03   -6.36034e+05
 Pressure (bar)
    1.06958e+04

           Step           Time
            152      152.00000

   Energies (kJ/mol)
           Bond          Angle    Proper Dih. Per. Imp. Dih.          LJ-14
    4.54889e+02    1.11322e+03    7.82030e+03    8.46950e+01    2.42964e+03
     Coulomb-14        LJ (SR)   Coulomb (SR)   Coul. recip.      Potential
    2.24311e+04    5.78916e+04   -7.32529e+05    4.13326e+03   -6.36170e+05
 Pressure (bar)
    1.06981e+04

           Step           Time
            153      153.00000

   Energies (kJ/mol)
           Bond          Angle    Proper Dih. Per. Imp. Dih.          LJ-14
    5.54353e+02    1.12384e+03    7.81976e+03    8.44302e+01    2.42922e+03
     Coulomb-14        LJ (SR)   Coulomb (SR)   Coul. recip.      Potential
    2.24261e+04    5.79452e+04   -7.32741e+05    4.13115e+03   -6.36227e+05
 Pressure (bar)
    1.07005e+04

           Step           Time
            154      154.00000

   Energies (kJ/mol)
           Bond          Angle    Proper Dih. Per. Imp. Dih.          LJ-14
    5.73990e+02    1.12595e+03    7.81983e+03    8.48415e+01    2.42754e+03
     Coulomb-14        LJ (SR)   Coulomb (SR)   Coul. recip.      Potential
    2.24287e+04    5.79825e+04   -7.32907e+05    4.12450e+03   -6.36340e+05
 Pressure (bar)
    1.07024e+04

           Step           Time
            155      155.00000

           Step           Time
            156      156.00000

   Energies (kJ/mol)
           Bond          Angle    Proper Dih. Per. Imp. Dih.          LJ-14
    3.62166e+02    1.10489e+03    7.81952e+03    8.45640e+01    2.42719e+03
     Coulomb-14        LJ (SR)   Coulomb (SR)   Coul. recip.      Potential
    2.24255e+04    5.80078e+04   -7.33012e+05    4.12349e+03   -6.36657e+05
 Pressure (bar)
    1.07094e+04

           Step           Time
            157      157.00000

   Energies (kJ/mol)
           Bond          Angle    Proper Dih. Per. Imp. Dih.          LJ-14
    6.88734e+02    1.13490e+03    7.81881e+03    8.47264e+01    2.42321e+03
     Coulomb-14        LJ (SR)   Coulomb (SR)   Coul. recip.      Potential
    2.24226e+04    5.81814e+04   -7.33715e+05    4.10662e+03   -6.36854e+05
 Pressure (bar)
    1.07154e+04

           Step           Time
            158      158.00000

   Energies (kJ/mol)
           Bond          Angle    Proper Dih. Per. Imp. Dih.          LJ-14
    4.02126e+02    1.10947e+03    7.81838e+03    8.44172e+01    2.42282e+03
     Coulomb-14        LJ (SR)   Coulomb (SR)   Coul. recip.      Potential
    2.24184e+04    5.82118e+04   -7.33837e+05    4.10560e+03   -6.37264e+05
 Pressure (bar)
    1.07233e+04

           Step           Time
            159      159.00000

           Step           Time
            160      160.00000

   Energies (kJ/mol)
           Bond          Angle    Proper Dih. Per. Imp. Dih.          LJ-14
    4.24150e+02    1.11101e+03    7.81832e+03    8.45920e+01    2.42153e+03
     Coulomb-14        LJ (SR)   Coulomb (SR)   Coul. recip.      Potential
    2.24189e+04    5.82553e+04   -7.34017e+05    4.10021e+03   -6.37383e+05
 Pressure (bar)
    1.07265e+04

           Step           Time
            161      161.00000

   Energies (kJ/mol)
           Bond          Angle    Proper Dih. Per. Imp. Dih.          LJ-14
    4.51297e+02    1.11476e+03    7.81789e+03    8.43723e+01    2.42099e+03
     Coulomb-14        LJ (SR)   Coulomb (SR)   Coul. recip.      Potential
    2.24152e+04    5.83034e+04   -7.34202e+05    4.09799e+03   -6.37496e+05
 Pressure (bar)
    1.07295e+04

           Step           Time
            162      162.00000

   Energies (kJ/mol)
           Bond          Angle    Proper Dih. Per. Imp. Dih.          LJ-14
    4.94888e+02    1.11861e+03    7.81786e+03    8.46529e+01    2.41958e+03
     Coulomb-14        LJ (SR)   Coulomb (SR)   Coul. recip.      Potential
    2.24165e+04    5.83459e+04   -7.34378e+05    4.09204e+03   -6.37588e+05
 Pressure (bar)
    1.07319e+04

           Step           Time
            163      163.00000

   Energies (kJ/mol)
           Bond          Angle    Proper Dih. Per. Imp. Dih.          LJ-14
    5.52242e+02    1.12572e+03    7.81736e+03    8.43503e+01    2.41924e+03
     Coulomb-14        LJ (SR)   Coulomb (SR)   Coul. recip.      Potential
    2.24118e+04    5.83957e+04   -7.34564e+05    4.09068e+03   -6.37667e+05
 Pressure (bar)
    1.07346e+04

           Step           Time
            164      164.00000

   Energies (kJ/mol)
           Bond          Angle    Proper Dih. Per. Imp. Dih.          LJ-14
    6.40773e+02    1.13426e+03    7.81742e+03    8.48230e+01    2.41769e+03
     Coulomb-14        LJ (SR)   Coulomb (SR)   Coul. recip.      Potential
    2.24143e+04    5.84366e+04   -7.34734e+05    4.08393e+03   -6.37705e+05
 Pressure (bar)
    1.07357e+04

           Step           Time
            165      165.00000

   Energies (kJ/mol)
           Bond          Angle    Proper Dih. Per. Imp. Dih.          LJ-14
    7.60442e+02    1.14900e+03    7.81680e+03    8.43691e+01    2.41764e+03
     Coulomb-14        LJ (SR)   Coulomb (SR)   Coul. recip.      Potential
    2.24082e+04    5.84890e+04   -7.34924e+05    4.08386e+03   -6.37715e+05
 Pressure (bar)
    1.07375e+04

           Step           Time
            166      166.00000

           Step           Time
            167      167.00000

   Energies (kJ/mol)
           Bond          Angle    Proper Dih. Per. Imp. Dih.          LJ-14
    3.63268e+02    1.10728e+03    7.81690e+03    8.46294e+01    2.41627e+03
     Coulomb-14        LJ (SR)   Coulomb (SR)   Coul. recip.      Potential
    2.24103e+04    5.85051e+04   -7.35006e+05    4.07889e+03   -6.38223e+05
 Pressure (bar)
    1.07477e+04

           Step           Time
            168      168.00000

   Energies (kJ/mol)
           Bond          Angle    Proper Dih. Per. Imp. Dih.          LJ-14
    9.62155e+02    1.16241e+03    7.81542e+03    8.41222e+01    2.41260e+03
     Coulomb-14        LJ (SR)   Coulomb (SR)   Coul. recip.      Potential
    2.23994e+04    5.87700e+04   -7.35990e+05    4.06251e+03   -6.38322e+05
 Pressure (bar)
    1.07533e+04

           Step           Time
            169      169.00000

   Energies (kJ/mol)
           Bond          Angle    Proper Dih. Per. Imp. Dih.          LJ-14
    4.17322e+02    1.11266e+03    7.81547e+03    8.44410e+01    2.41053e+03
     Coulomb-14        LJ (SR)   Coulomb (SR)   Coul. recip.      Potential
    2.24027e+04    5.87884e+04   -7.36085e+05    4.05509e+03   -6.38999e+05
 Pressure (bar)
    1.07639e+04

           Step           Time
            170      170.00000

           Step           Time
            171      171.00000

   Energies (kJ/mol)
           Bond          Angle    Proper Dih. Per. Imp. Dih.          LJ-14
    4.92661e+02    1.12012e+03    7.81510e+03    8.42338e+01    2.41009e+03
     Coulomb-14        LJ (SR)   Coulomb (SR)   Coul. recip.      Potential
    2.23989e+04    5.88431e+04   -7.36286e+05    4.05303e+03   -6.39069e+05
 Pressure (bar)
    1.07680e+04

           Step           Time
            172      172.00000

   Energies (kJ/mol)
           Bond          Angle    Proper Dih. Per. Imp. Dih.          LJ-14
    4.88321e+02    1.12047e+03    7.81506e+03    8.45121e+01    2.40878e+03
     Coulomb-14        LJ (SR)   Coulomb (SR)   Coul. recip.      Potential
    2.24004e+04    5.88806e+04   -7.36435e+05    4.04737e+03   -6.39189e+05
 Pressure (bar)
    1.07707e+04

           Step           Time
            173      173.00000

   Energies (kJ/mol)
           Bond          Angle    Proper Dih. Per. Imp. Dih.          LJ-14
    6.16001e+02    1.13382e+03    7.81456e+03    8.42046e+01    2.40852e+03
     Coulomb-14        LJ (SR)   Coulomb (SR)   Coul. recip.      Potential
    2.23958e+04    5.89357e+04   -7.36630e+05    4.04635e+03   -6.39195e+05
 Pressure (bar)
    1.07731e+04

           Step           Time
            174      174.00000

   Energies (kJ/mol)
           Bond          Angle    Proper Dih. Per. Imp. Dih.          LJ-14
    6.40875e+02    1.13716e+03    7.81459e+03    8.47091e+01    2.40707e+03
     Coulomb-14        LJ (SR)   Coulomb (SR)   Coul. recip.      Potential
    2.23984e+04    5.89729e+04   -7.36779e+05    4.03976e+03   -6.39284e+05
 Pressure (bar)
    1.07751e+04

           Step           Time
            175      175.00000

           Step           Time
            176      176.00000

   Energies (kJ/mol)
           Bond          Angle    Proper Dih. Per. Imp. Dih.          LJ-14
    3.70059e+02    1.10965e+03    7.81430e+03    8.43668e+01    2.40672e+03
     Coulomb-14        LJ (SR)   Coulomb (SR)   Coul. recip.      Potential
    2.23954e+04    5.89985e+04   -7.36876e+05    4.03920e+03   -6.39658e+05
 Pressure (bar)
    1.07838e+04

           Step           Time
            177      177.00000

   Energies (kJ/mol)
           Bond          Angle    Proper Dih. Per. Imp. Dih.          LJ-14
    7.91124e+02    1.14809e+03    7.81355e+03    8.45666e+01    2.40355e+03
     Coulomb-14        LJ (SR)   Coulomb (SR)   Coul. recip.      Potential
    2.23932e+04    5.91736e+04   -7.37512e+05    4.02448e+03   -6.39680e+05
 Pressure (bar)
    1.07893e+04

           Step           Time
            178      178.00000

   Energies (kJ/mol)
           Bond          Angle    Proper Dih. Per. Imp. Dih.          LJ-14
    4.21023e+02    1.11542e+03    7.81315e+03    8.41970e+01    2.40311e+03
     Coulomb-14        LJ (SR)   Coulomb (SR)   Coul. recip.      Potential
    2.23893e+04    5.92042e+04   -7.37626e+05    4.02387e+03   -6.40171e+05
 Pressure (bar)
    1.07989e+04

           Step           Time
            179      179.00000

           Step           Time
            180      180.00000

   Energies (kJ/mol)
           Bond          Angle    Proper Dih. Per. Imp. Dih.          LJ-14
    4.49741e+02    1.11749e+03    7.81307e+03    8.44025e+01    2.40203e+03
     Coulomb-14        LJ (SR)   Coulomb (SR)   Coul. recip.      Potential
    2.23899e+04    5.92478e+04   -7.37789e+05    4.01885e+03   -6.40266e+05
 Pressure (bar)
    1.08025e+04

           Step           Time
            181      181.00000

   Energies (kJ/mol)
           Bond          Angle    Proper Dih. Per. Imp. Dih.          LJ-14
    4.84347e+02    1.12223e+03    7.81265e+03    8.41408e+01    2.40162e+03
     Coulomb-14        LJ (SR)   Coulomb (SR)   Coul. recip.      Potential
    2.23865e+04    5.92968e+04   -7.37960e+05    4.01742e+03   -6.40354e+05
 Pressure (bar)
    1.08057e+04

           Step           Time
            182      182.00000

   Energies (kJ/mol)
           Bond          Angle    Proper Dih. Per. Imp. Dih.          LJ-14
    5.41361e+02    1.12745e+03    7.81260e+03    8.44791e+01    2.40042e+03
     Coulomb-14        LJ (SR)   Coulomb (SR)   Coul. recip.      Potential
    2.23879e+04    5.93393e+04   -7.38119e+05    4.01166e+03   -6.40413e+05
 Pressure (bar)
    1.08081e+04

           Step           Time
            183      183.00000

   Energies (kJ/mol)
           Bond          Angle    Proper Dih. Per. Imp. Dih.          LJ-14
    6.14781e+02    1.13656e+03    7.81212e+03    8.41188e+01    2.40021e+03
     Coulomb-14        LJ (SR)   Coulomb (SR)   Coul. recip.      Potential
    2.23835e+04    5.93902e+04   -7.38292e+05    4.01126e+03   -6.40459e+05
 Pressure (bar)
    1.08109e+04

           Step           Time
            184      184.00000

           Step           Time
            185      185.00000

   Energies (kJ/mol)
           Bond          Angle    Proper Dih. Per. Imp. Dih.          LJ-14
    3.66907e+02    1.11084e+03    7.81213e+03    8.43146e+01    2.39924e+03
     Coulomb-14        LJ (SR)   Coulomb (SR)   Coul. recip.      Potential
    2.23848e+04    5.94084e+04   -7.38369e+05    4.00726e+03   -6.40795e+05
 Pressure (bar)
    1.08180e+04

           Step           Time
            186      186.00000

   Energies (kJ/mol)
           Bond          Angle    Proper Dih. Per. Imp. Dih.          LJ-14
    7.40304e+02    1.14633e+03    7.81065e+03    8.39089e+01    2.39583e+03
     Coulomb-14        LJ (SR)   Coulomb (SR)   Coul. recip.      Potential
    2.23760e+04    5.96695e+04   -7.39272e+05    3.99206e+03   -6.41057e+05
 Pressure (bar)
    1.08328e+04

           Step           Time
            187      187.00000

   Energies (kJ/mol)
           Bond          Angle    Proper Dih. Per. Imp. Dih.          LJ-14
    4.00082e+02    1.11477e+03    7.81061e+03    8.41680e+01    2.39440e+03
     Coulomb-14        LJ (SR)   Coulomb (SR)   Coul. recip.      Potential
    2.23780e+04    5.96903e+04   -7.39360e+05    3.98631e+03   -6.41501e+05
 Pressure (bar)
    1.08403e+04

           Step           Time
            188      188.00000

           Step           Time
            189      189.00000

   Energies (kJ/mol)
           Bond          Angle    Proper Dih. Per. Imp. Dih.          LJ-14
    4.49781e+02    1.11983e+03    7.81025e+03    8.39955e+01    2.39390e+03
     Coulomb-14        LJ (SR)   Coulomb (SR)   Coul. recip.      Potential
    2.23752e+04    5.97453e+04   -7.39549e+05    3.98416e+03   -6.41586e+05
 Pressure (bar)
    1.08449e+04

           Step           Time
            190      190.00000

   Energies (kJ/mol)
           Bond          Angle    Proper Dih. Per. Imp. Dih.          LJ-14
    4.43935e+02    1.11978e+03    7.81013e+03    8.42073e+01    2.39290e+03
     Coulomb-14        LJ (SR)   Coulomb (SR)   Coul. recip.      Potential
    2.23759e+04    5.97836e+04   -7.39686e+05    3.97942e+03   -6.41696e+05
 Pressure (bar)
    1.08480e+04

           Step           Time
            191      191.00000

   Energies (kJ/mol)
           Bond          Angle    Proper Dih. Per. Imp. Dih.          LJ-14
    5.27862e+02    1.12856e+03    7.80969e+03    8.39608e+01    2.39252e+03
     Coulomb-14        LJ (SR)   Coulomb (SR)   Coul. recip.      Potential
    2.23726e+04    5.98380e+04   -7.39868e+05    3.97812e+03   -6.41736e+05
 Pressure (bar)
    1.08513e+04

           Step           Time
            192      192.00000

   Energies (kJ/mol)
           Bond          Angle    Proper Dih. Per. Imp. Dih.          LJ-14
    5.38099e+02    1.13012e+03    7.80961e+03    8.43219e+01    2.39142e+03
     Coulomb-14        LJ (SR)   Coulomb (SR)   Coul. recip.      Potential
    2.23740e+04    5.98762e+04   -7.40006e+05    3.97258e+03   -6.41830e+05
 Pressure (bar)
    1.08542e+04

           Step           Time
            193      193.00000

           Step           Time
            194      194.00000

   Energies (kJ/mol)
           Bond          Angle    Proper Dih. Per. Imp. Dih.          LJ-14
    3.72507e+02    1.11348e+03    7.80937e+03    8.40770e+01    2.39110e+03
     Coulomb-14        LJ (SR)   Coulomb (SR)   Coul. recip.      Potential
    2.23719e+04    5.99020e+04   -7.40096e+05    3.97203e+03   -6.42079e+05
 Pressure (bar)
    1.08605e+04

           Step           Time
            195      195.00000

   Energies (kJ/mol)
           Bond          Angle    Proper Dih. Per. Imp. Dih.          LJ-14
    6.29367e+02    1.13779e+03    7.80851e+03    8.42347e+01    2.38848e+03
     Coulomb-14        LJ (SR)   Coulomb (SR)   Coul. recip.      Potential
    2.23696e+04    6.00698e+04   -7.40665e+05    3.95928e+03   -6.42218e+05
 Pressure (bar)
    1.08697e+04

           Step           Time
            196      196.00000

   Energies (kJ/mol)
           Bond          Angle    Proper Dih. Per. Imp. Dih.          LJ-14
    4.05226e+02    1.11756e+03    7.80819e+03    8.39465e+01    2.38808e+03
     Coulomb-14        LJ (SR)   Coulomb (SR)   Coul. recip.      Potential
    2.23669e+04    6.01004e+04   -7.40770e+05    3.95871e+03   -6.42541e+05
 Pressure (bar)
    1.08767e+04

           Step           Time
            197      197.00000

           Step           Time
            198      198.00000

   Energies (kJ/mol)
           Bond          Angle    Proper Dih. Per. Imp. Dih.          LJ-14
    4.20264e+02    1.11881e+03    7.80803e+03    8.41002e+01    2.38723e+03
     Coulomb-14        LJ (SR)   Coulomb (SR)   Coul. recip.      Potential
    2.23670e+04    6.01441e+04   -7.40920e+05    3.95439e+03   -6.42636e+05
 Pressure (bar)
    1.08806e+04

           Step           Time
            199      199.00000

   Energies (kJ/mol)
           Bond          Angle    Proper Dih. Per. Imp. Dih.          LJ-14
    4.45248e+02    1.12198e+03    7.80765e+03    8.38952e+01    2.38677e+03
     Coulomb-14        LJ (SR)   Coulomb (SR)   Coul. recip.      Potential
    2.23645e+04    6.01928e+04   -7.41080e+05    3.95280e+03   -6.42725e+05
 Pressure (bar)
    1.08843e+04

           Step           Time
            200      200.00000

   Energies (kJ/mol)
           Bond          Angle    Proper Dih. Per. Imp. Dih.          LJ-14
    4.76458e+02    1.12510e+03    7.80750e+03    8.41440e+01    2.38584e+03
     Coulomb-14        LJ (SR)   Coulomb (SR)   Coul. recip.      Potential
    2.23651e+04    6.02356e+04   -7.41228e+05    3.94795e+03   -6.42800e+05
 Pressure (bar)
    1.08875e+04

           Step           Time
            201      201.00000

   Energies (kJ/mol)
           Bond          Angle    Proper Dih. Per. Imp. Dih.          LJ-14
    5.27099e+02    1.13098e+03    7.80708e+03    8.38639e+01    2.38550e+03
     Coulomb-14        LJ (SR)   Coulomb (SR)   Coul. recip.      Potential
    2.23620e+04    6.02856e+04   -7.41389e+05    3.94711e+03   -6.42860e+05
 Pressure (bar)
    1.08909e+04

           Step           Time
            202      202.00000

   Energies (kJ/mol)
           Bond          Angle    Proper Dih. Per. Imp. Dih.          LJ-14
    5.92688e+02    1.13782e+03    7.80697e+03    8.42760e+01    2.38451e+03
     Coulomb-14        LJ (SR)   Coulomb (SR)   Coul. recip.      Potential
    2.23634e+04    6.03271e+04   -7.41534e+05    3.94152e+03   -6.42895e+05
 Pressure (bar)
    1.08931e+04

           Step           Time
            203      203.00000

   Energies (kJ/mol)
           Bond          Angle    Proper Dih. Per. Imp. Dih.          LJ-14
    6.95403e+02    1.14981e+03    7.80649e+03    8.38661e+01    2.38434e+03
     Coulomb-14        LJ (SR)   Coulomb (SR)   Coul. recip.      Potential
    2.23594e+04    6.03791e+04   -7.41697e+05    3.94180e+03   -6.42897e+05
 Pressure (bar)
    1.08957e+04

           Step           Time
            204      204.00000

           Step           Time
            205      205.00000

   Energies (kJ/mol)
           Bond          Angle    Proper Dih. Per. Imp. Dih.          LJ-14
    3.72632e+02    1.11633e+03    7.80647e+03    8.40987e+01    2.38340e+03
     Coulomb-14        LJ (SR)   Coulomb (SR)   Coul. recip.      Potential
    2.23606e+04    6.03961e+04   -7.41767e+05    3.93767e+03   -6.43310e+05
 Pressure (bar)
    1.09045e+04

           Step           Time
            206      206.00000

   Energies (kJ/mol)
           Bond          Angle    Proper Dih. Per. Imp. Dih.          LJ-14
    8.57615e+02    1.16121e+03    7.80479e+03    8.36307e+01    2.38055e+03
     Coulomb-14        LJ (SR)   Coulomb (SR)   Coul. recip.      Potential
    2.23525e+04    6.06738e+04   -7.42657e+05    3.92418e+03   -6.43418e+05
 Pressure (bar)
    1.09198e+04

           Step           Time
            207      207.00000

   Energies (kJ/mol)
           Bond          Angle    Proper Dih. Per. Imp. Dih.          LJ-14
    4.15035e+02    1.12107e+03    7.80470e+03    8.39207e+01    2.37908e+03
     Coulomb-14        LJ (SR)   Coulomb (SR)   Coul. recip.      Potential
    2.23545e+04    6.06932e+04   -7.42737e+05    3.91792e+03   -6.43968e+05
 Pressure (bar)
    1.09289e+04

           Step           Time
            208      208.00000

           Step           Time
            209      209.00000

   Energies (kJ/mol)
           Bond          Angle    Proper Dih. Per. Imp. Dih.          LJ-14
    4.79703e+02    1.12734e+03    7.80433e+03    8.37373e+01    2.37871e+03
     Coulomb-14        LJ (SR)   Coulomb (SR)   Coul. recip.      Potential
    2.23520e+04    6.07485e+04   -7.42914e+05    3.91636e+03   -6.44023e+05
 Pressure (bar)
    1.09337e+04

           Step           Time
            210      210.00000

   Energies (kJ/mol)
           Bond          Angle    Proper Dih. Per. Imp. Dih.          LJ-14
    4.71352e+02    1.12756e+03    7.80416e+03    8.39874e+01    2.37785e+03
     Coulomb-14        LJ (SR)   Coulomb (SR)   Coul. recip.      Potential
    2.23527e+04    6.07860e+04   -7.43040e+05    3.91173e+03   -6.44124e+05
 Pressure (bar)
    1.09370e+04

           Step           Time
            211      211.00000

   Energies (kJ/mol)
           Bond          Angle    Proper Dih. Per. Imp. Dih.          LJ-14
    5.80020e+02    1.13858e+03    7.80373e+03    8.37118e+01    2.37755e+03
     Coulomb-14        LJ (SR)   Coulomb (SR)   Coul. recip.      Potential
    2.23497e+04    6.08409e+04   -7.43211e+05    3.91103e+03   -6.44125e+05
 Pressure (bar)
    1.09401e+04

           Step           Time
            212      212.00000

   Energies (kJ/mol)
           Bond          Angle    Proper Dih. Per. Imp. Dih.          LJ-14
    5.92850e+02    1.14111e+03    7.80360e+03    8.41504e+01    2.37664e+03
     Coulomb-14        LJ (SR)   Coulomb (SR)   Coul. recip.      Potential
    2.23511e+04    6.08783e+04   -7.43337e+05    3.90560e+03   -6.44204e+05
 Pressure (bar)
    1.09430e+04

           Step           Time
            213      213.00000

           Step           Time
            214      214.00000

   Energies (kJ/mol)
           Bond          Angle    Proper Dih. Per. Imp. Dih.          LJ-14
    3.79389e+02    1.11915e+03    7.80336e+03    8.38573e+01    2.37628e+03
     Coulomb-14        LJ (SR)   Coulomb (SR)   Coul. recip.      Potential
    2.23492e+04    6.09039e+04   -7.43422e+05    3.90524e+03   -6.44501e+05
 Pressure (bar)
    1.09505e+04

           Step           Time
            215      215.00000

   Energies (kJ/mol)
           Bond          Angle    Proper Dih. Per. Imp. Dih.          LJ-14
    7.12425e+02    1.15037e+03    7.80240e+03    8.40628e+01    2.37421e+03
     Coulomb-14        LJ (SR)   Coulomb (SR)   Coul. recip.      Potential
    2.23473e+04    6.10708e+04   -7.43949e+05    3.89380e+03   -6.44513e+05
 Pressure (bar)
    1.09587e+04

           Step           Time
            216      216.00000

   Energies (kJ/mol)
           Bond          Angle    Proper Dih. Per. Imp. Dih.          LJ-14
    4.21354e+02    1.12410e+03    7.80208e+03    8.37265e+01    2.37374e+03
     Coulomb-14        LJ (SR)   Coulomb (SR)   Coul. recip.      Potential
    2.23448e+04    6.11013e+04   -7.44048e+05    3.89339e+03   -6.44904e+05
 Pressure (bar)
    1.09671e+04

           Step           Time
            217      217.00000

           Step           Time
            218      218.00000

   Energies (kJ/mol)
           Bond          Angle    Proper Dih. Per. Imp. Dih.          LJ-14
    4.41009e+02    1.12576e+03    7.80189e+03    8.39121e+01    2.37304e+03
     Coulomb-14        LJ (SR)   Coulomb (SR)   Coul. recip.      Potential
    2.23450e+04    6.11444e+04   -7.44188e+05    3.88934e+03   -6.44983e+05
 Pressure (bar)
    1.09712e+04

           Step           Time
            219      219.00000

   Energies (kJ/mol)
           Bond          Angle    Proper Dih. Per. Imp. Dih.          LJ-14
    4.73137e+02    1.12969e+03    7.80151e+03    8.36751e+01    2.37265e+03
     Coulomb-14        LJ (SR)   Coulomb (SR)   Coul. recip.      Potential
    2.23428e+04    6.11933e+04   -7.44338e+05    3.88817e+03   -6.45053e+05
 Pressure (bar)
    1.09748e+04

           Step           Time
            220      220.00000

   Energies (kJ/mol)
           Bond          Angle    Proper Dih. Per. Imp. Dih.          LJ-14
    5.14066e+02    1.13391e+03    7.80133e+03    8.39746e+01    2.37189e+03
     Coulomb-14        LJ (SR)   Coulomb (SR)   Coul. recip.      Potential
    2.23435e+04    6.12354e+04   -7.44475e+05    3.88350e+03   -6.45107e+05
 Pressure (bar)
    1.09780e+04

           Step           Time
            221      221.00000

   Energies (kJ/mol)
           Bond          Angle    Proper Dih. Per. Imp. Dih.          LJ-14
    5.79332e+02    1.14138e+03    7.80091e+03    8.36511e+01    2.37161e+03
     Coulomb-14        LJ (SR)   Coulomb (SR)   Coul. recip.      Potential
    2.23406e+04    6.12858e+04   -7.44627e+05    3.88322e+03   -6.45140e+05
 Pressure (bar)
    1.09813e+04

           Step           Time
            222      222.00000

   Energies (kJ/mol)
           Bond          Angle    Proper Dih. Per. Imp. Dih.          LJ-14
    6.65591e+02    1.15071e+03    7.80076e+03    8.41588e+01    2.37081e+03
     Coulomb-14        LJ (SR)   Coulomb (SR)   Coul. recip.      Potential
    2.23420e+04    6.13264e+04   -7.44759e+05    3.87768e+03   -6.45141e+05
 Pressure (bar)
    1.09831e+04

           Step           Time
            223      223.00000

           Step           Time
            224      224.00000

   Energies (kJ/mol)
           Bond          Angle    Proper Dih. Per. Imp. Dih.          LJ-14
    3.77404e+02    1.12133e+03    7.80054e+03    8.38155e+01    2.37039e+03
     Coulomb-14        LJ (SR)   Coulomb (SR)   Coul. recip.      Potential
    2.23401e+04    6.13502e+04   -7.44837e+05    3.87743e+03   -6.45516e+05
 Pressure (bar)
    1.09920e+04

           Step           Time
            225      225.00000

   Energies (kJ/mol)
           Bond          Angle    Proper Dih. Per. Imp. Dih.          LJ-14
    8.08770e+02    1.15924e+03    7.79891e+03    8.38797e+01    2.36731e+03
     Coulomb-14        LJ (SR)   Coulomb (SR)   Coul. recip.      Potential
    2.23365e+04    6.16237e+04   -7.45674e+05    3.86049e+03   -6.45635e+05
 Pressure (bar)
    1.10087e+04

           Step           Time
            226      226.00000

   Energies (kJ/mol)
           Bond          Angle    Proper Dih. Per. Imp. Dih.          LJ-14
    4.18619e+02    1.12597e+03    7.79860e+03    8.35723e+01    2.36676e+03
     Coulomb-14        LJ (SR)   Coulomb (SR)   Coul. recip.      Potential
    2.23342e+04    6.16524e+04   -7.45768e+05    3.85999e+03   -6.46128e+05
 Pressure (bar)
    1.10182e+04

           Step           Time
            227      227.00000

           Step           Time
            228      228.00000

   Energies (kJ/mol)
           Bond          Angle    Proper Dih. Per. Imp. Dih.          LJ-14
    4.70698e+02    1.13093e+03    7.79840e+03    8.37766e+01    2.36609e+03
     Coulomb-14        LJ (SR)   Coulomb (SR)   Coul. recip.      Potential
    2.23343e+04    6.17011e+04   -7.45921e+05    3.85567e+03   -6.46180e+05
 Pressure (bar)
    1.10225e+04

           Step           Time
            229      229.00000

   Energies (kJ/mol)
           Bond          Angle    Proper Dih. Per. Imp. Dih.          LJ-14
    4.71686e+02    1.13200e+03    7.79805e+03    8.35424e+01    2.36574e+03
     Coulomb-14        LJ (SR)   Coulomb (SR)   Coul. recip.      Potential
    2.23322e+04    6.17453e+04   -7.46053e+05    3.85494e+03   -6.46270e+05
 Pressure (bar)
    1.10266e+04

           Step           Time
            230      230.00000

   Energies (kJ/mol)
           Bond          Angle    Proper Dih. Per. Imp. Dih.          LJ-14
    5.60718e+02    1.14101e+03    7.79782e+03    8.38732e+01    2.36506e+03
     Coulomb-14        LJ (SR)   Coulomb (SR)   Coul. recip.      Potential
    2.23328e+04    6.17913e+04   -7.46197e+05    3.85015e+03   -6.46274e+05
 Pressure (bar)
    1.10293e+04

           Step           Time
            231      231.00000

   Energies (kJ/mol)
           Bond          Angle    Proper Dih. Per. Imp. Dih.          LJ-14
    5.84659e+02    1.14466e+03    7.79744e+03    8.35400e+01    2.36477e+03
     Coulomb-14        LJ (SR)   Coulomb (SR)   Coul. recip.      Potential
    2.23302e+04    6.18384e+04   -7.46335e+05    3.85019e+03   -6.46342e+05
 Pressure (bar)
    1.10333e+04

           Step           Time
            232      232.00000

           Step           Time
            233      233.00000

   Energies (kJ/mol)
           Bond          Angle    Proper Dih. Per. Imp. Dih.          LJ-14
    3.82326e+02    1.12385e+03    7.79735e+03    8.37341e+01    2.36416e+03
     Coulomb-14        LJ (SR)   Coulomb (SR)   Coul. recip.      Potential
    2.23308e+04    6.18579e+04   -7.46403e+05    3.84685e+03   -6.46616e+05
 Pressure (bar)
    1.10398e+04

           Step           Time
            234      234.00000

   Energies (kJ/mol)
           Bond          Angle    Proper Dih. Per. Imp. Dih.          LJ-14
    6.96669e+02    1.15425e+03    7.79623e+03    8.34354e+01    2.36273e+03
     Coulomb-14        LJ (SR)   Coulomb (SR)   Coul. recip.      Potential
    2.23264e+04    6.20348e+04   -7.46926e+05    3.83990e+03   -6.46632e+05
 Pressure (bar)
    1.10475e+04

           Step           Time
            235      235.00000

   Energies (kJ/mol)
           Bond          Angle    Proper Dih. Per. Imp. Dih.          LJ-14
    4.18018e+02    1.12815e+03    7.79610e+03    8.37153e+01    2.36183e+03
     Coulomb-14        LJ (SR)   Coulomb (SR)   Coul. recip.      Potential
    2.23275e+04    6.20567e+04   -7.47003e+05    3.83511e+03   -6.46995e+05
 Pressure (bar)
    1.10547e+04

           Step           Time
            236      236.00000

           Step           Time
            237      237.00000

   Energies (kJ/mol)
           Bond          Angle    Proper Dih. Per. Imp. Dih.          LJ-14
    4.43928e+02    1.13044e+03    7.79579e+03    8.35272e+01    2.36149e+03
     Coulomb-14        LJ (SR)   Coulomb (SR)   Coul. recip.      Potential
    2.23258e+04    6.21052e+04   -7.47146e+05    3.83393e+03   -6.47066e+05
 Pressure (bar)
    1.10594e+04

           Step           Time
            238      238.00000

   Energies (kJ/mol)
           Bond          Angle    Proper Dih. Per. Imp. Dih.          LJ-14
    4.63116e+02    1.13309e+03    7.79556e+03    8.37430e+01    2.36086e+03
     Coulomb-14        LJ (SR)   Coulomb (SR)   Coul. recip.      Potential
    2.23261e+04    6.21469e+04   -7.47274e+05    3.82984e+03   -6.47134e+05
 Pressure (bar)
    1.10626e+04

           Step           Time
            239      239.00000

   Energies (kJ/mol)
           Bond          Angle    Proper Dih. Per. Imp. Dih.          LJ-14
    5.12590e+02    1.13807e+03    7.79522e+03    8.34904e+01    2.36055e+03
     Coulomb-14        LJ (SR)   Coulomb (SR)   Coul. recip.      Potential
    2.23240e+04    6.21965e+04   -7.47418e+05    3.82921e+03   -6.47179e+05
 Pressure (bar)
    1.10666e+04

           Step           Time
            240      240.00000

   Energies (kJ/mol)
           Bond          Angle    Proper Dih. Per. Imp. Dih.          LJ-14
    5.57169e+02    1.14341e+03    7.79502e+03    8.38477e+01    2.35991e+03
     Coulomb-14        LJ (SR)   Coulomb (SR)   Coul. recip.      Potential
    2.23248e+04    6.22370e+04   -7.47543e+05    3.82453e+03   -6.47217e+05
 Pressure (bar)
    1.10694e+04

           Step           Time
            241      241.00000

           Step           Time
            242      242.00000

   Energies (kJ/mol)
           Bond          Angle    Proper Dih. Per. Imp. Dih.          LJ-14
    3.81080e+02    1.12539e+03    7.79483e+03    8.36059e+01    2.35958e+03
     Coulomb-14        LJ (SR)   Coulomb (SR)   Coul. recip.      Potential
    2.23235e+04    6.22609e+04   -7.47616e+05    3.82423e+03   -6.47463e+05
 Pressure (bar)
    1.10758e+04

           Step           Time
            243      243.00000

   Energies (kJ/mol)
           Bond          Angle    Proper Dih. Per. Imp. Dih.          LJ-14
    6.46320e+02    1.14985e+03    7.79343e+03    8.36992e+01    2.35718e+03
     Coulomb-14        LJ (SR)   Coulomb (SR)   Coul. recip.      Potential
    2.23205e+04    6.25013e+04   -7.48322e+05    3.81018e+03   -6.47660e+05
 Pressure (bar)
    1.10936e+04

           Step           Time
            244      244.00000

   Energies (kJ/mol)
           Bond          Angle    Proper Dih. Per. Imp. Dih.          LJ-14
    4.07739e+02    1.12866e+03    7.79319e+03    8.34443e+01    2.35672e+03
     Coulomb-14        LJ (SR)   Coulomb (SR)   Coul. recip.      Potential
    2.23188e+04    6.25300e+04   -7.48410e+05    3.80969e+03   -6.47982e+05
 Pressure (bar)
    1.11006e+04

           Step           Time
            245      245.00000

           Step           Time
            246      246.00000

   Energies (kJ/mol)
           Bond          Angle    Proper Dih. Per. Imp. Dih.          LJ-14
    4.37912e+02    1.13173e+03    7.79296e+03    8.36000e+01    2.35617e+03
     Coulomb-14        LJ (SR)   Coulomb (SR)   Coul. recip.      Potential
    2.23187e+04    6.25782e+04   -7.48553e+05    3.80594e+03   -6.48048e+05
 Pressure (bar)
    1.11051e+04

           Step           Time
            247      247.00000

   Energies (kJ/mol)
           Bond          Angle    Proper Dih. Per. Imp. Dih.          LJ-14
    4.41895e+02    1.13254e+03    7.79266e+03    8.34137e+01    2.35581e+03
     Coulomb-14        LJ (SR)   Coulomb (SR)   Coul. recip.      Potential
    2.23171e+04    6.26218e+04   -7.48679e+05    3.80496e+03   -6.48129e+05
 Pressure (bar)
    1.11092e+04

           Step           Time
            248      248.00000

   Energies (kJ/mol)
           Bond          Angle    Proper Dih. Per. Imp. Dih.          LJ-14
    4.94131e+02    1.13809e+03    7.79244e+03    8.36603e+01    2.35526e+03
     Coulomb-14        LJ (SR)   Coulomb (SR)   Coul. recip.      Potential
    2.23174e+04    6.26675e+04   -7.48815e+05    3.80087e+03   -6.48166e+05
 Pressure (bar)
    1.11127e+04

           Step           Time
            249      249.00000

   Energies (kJ/mol)
           Bond          Angle    Proper Dih. Per. Imp. Dih.          LJ-14
    5.13938e+02    1.14050e+03    7.79211e+03    8.34007e+01    2.35493e+03
     Coulomb-14        LJ (SR)   Coulomb (SR)   Coul. recip.      Potential
    2.23155e+04    6.27135e+04   -7.48946e+05    3.80045e+03   -6.48232e+05
 Pressure (bar)
    1.11168e+04

           Step           Time
            250      250.00000

           Step           Time
            251      251.00000

   Energies (kJ/mol)
           Bond          Angle    Proper Dih. Per. Imp. Dih.          LJ-14
    3.83735e+02    1.12743e+03    7.79201e+03    8.35501e+01    2.35449e+03
     Coulomb-14        LJ (SR)   Coulomb (SR)   Coul. recip.      Potential
    2.23158e+04    6.27338e+04   -7.49010e+05    3.79776e+03   -6.48422e+05
 Pressure (bar)
    1.11218e+04

           Step           Time
            252      252.00000

   Energies (kJ/mol)
           Bond          Angle    Proper Dih. Per. Imp. Dih.          LJ-14
    5.84265e+02    1.14686e+03    7.79097e+03    8.33168e+01    2.35301e+03
     Coulomb-14        LJ (SR)   Coulomb (SR)   Coul. recip.      Potential
    2.23121e+04    6.29148e+04   -7.49528e+05    3.79030e+03   -6.48552e+05
 Pressure (bar)
    1.11345e+04

           Step           Time
            253      253.00000

   Energies (kJ/mol)
           Bond          Angle    Proper Dih. Per. Imp. Dih.          LJ-14
    4.05684e+02    1.13031e+03    7.79084e+03    8.35353e+01    2.35240e+03
     Coulomb-14        LJ (SR)   Coulomb (SR)   Coul. recip.      Potential
    2.23128e+04    6.29378e+04   -7.49601e+05    3.78656e+03   -6.48801e+05
 Pressure (bar)
    1.11400e+04

           Step           Time
            254      254.00000

           Step           Time
            255      255.00000

   Energies (kJ/mol)
           Bond          Angle    Proper Dih. Per. Imp. Dih.          LJ-14
    4.24566e+02    1.13192e+03    7.79057e+03    8.33904e+01    2.35203e+03
     Coulomb-14        LJ (SR)   Coulomb (SR)   Coul. recip.      Potential
    2.23114e+04    6.29862e+04   -7.49740e+05    3.78515e+03   -6.48874e+05
 Pressure (bar)
    1.11448e+04

           Step           Time
            256      256.00000

   Energies (kJ/mol)
           Bond          Angle    Proper Dih. Per. Imp. Dih.          LJ-14
    4.33474e+02    1.13348e+03    7.79035e+03    8.35553e+01    2.35154e+03
     Coulomb-14        LJ (SR)   Coulomb (SR)   Coul. recip.      Potential
    2.23115e+04    6.30271e+04   -7.49859e+05    3.78170e+03   -6.48946e+05
 Pressure (bar)
    1.11484e+04

           Step           Time
            257      257.00000

   Energies (kJ/mol)
           Bond          Angle    Proper Dih. Per. Imp. Dih.          LJ-14
    4.68288e+02    1.13679e+03    7.79006e+03    8.33593e+01    2.35117e+03
     Coulomb-14        LJ (SR)   Coulomb (SR)   Coul. recip.      Potential
    2.23099e+04    6.30760e+04   -7.49997e+05    3.78070e+03   -6.49001e+05
 Pressure (bar)
    1.11527e+04

           Step           Time
            258      258.00000

   Energies (kJ/mol)
           Bond          Angle    Proper Dih. Per. Imp. Dih.          LJ-14
    4.91551e+02    1.13993e+03    7.78986e+03    8.36226e+01    2.35070e+03
     Coulomb-14        LJ (SR)   Coulomb (SR)   Coul. recip.      Potential
    2.23103e+04    6.31163e+04   -7.50115e+05    3.77680e+03   -6.49056e+05
 Pressure (bar)
    1.11560e+04

           Step           Time
            259      259.00000

   Energies (kJ/mol)
           Bond          Angle    Proper Dih. Per. Imp. Dih.          LJ-14
    5.57056e+02    1.14651e+03    7.78954e+03    8.33450e+01    2.35037e+03
     Coulomb-14        LJ (SR)   Coulomb (SR)   Coul. recip.      Potential
    2.23084e+04    6.31662e+04   -7.50254e+05    3.77647e+03   -6.49076e+05
 Pressure (bar)
    1.11597e+04

           Step           Time
            260      260.00000

   Energies (kJ/mol)
           Bond          Angle    Proper Dih. Per. Imp. Dih.          LJ-14
    6.13044e+02    1.15343e+03    7.78938e+03    8.37828e+01    2.34992e+03
     Coulomb-14        LJ (SR)   Coulomb (SR)   Coul. recip.      Potential
    2.23091e+04    6.32055e+04   -7.50369e+05    3.77190e+03   -6.49093e+05
 Pressure (bar)
    1.11622e+04

           Step           Time
            261      261.00000

           Step           Time
            262      262.00000

   Energies (kJ/mol)
           Bond          Angle    Proper Dih. Per. Imp. Dih.          LJ-14
    3.86097e+02    1.12984e+03    7.78920e+03    8.34943e+01    2.34950e+03
     Coulomb-14        LJ (SR)   Coulomb (SR)   Coul. recip.      Potential
    2.23079e+04    6.32291e+04   -7.50440e+05    3.77164e+03   -6.49393e+05
 Pressure (bar)
    1.11699e+04

           Step           Time
            263      263.00000

   Energies (kJ/mol)
           Bond          Angle    Proper Dih. Per. Imp. Dih.          LJ-14
    7.29426e+02    1.16074e+03    7.78804e+03    8.36317e+01    2.34763e+03
     Coulomb-14        LJ (SR)   Coulomb (SR)   Coul. recip.      Potential
    2.23055e+04    6.34623e+04   -7.51093e+05    3.75909e+03   -6.49456e+05
 Pressure (bar)
    1.11859e+04

           Step           Time
            264      264.00000

   Energies (kJ/mol)
           Bond          Angle    Proper Dih. Per. Imp. Dih.          LJ-14
    4.20670e+02    1.13347e+03    7.78782e+03    8.33365e+01    2.34706e+03
     Coulomb-14        LJ (SR)   Coulomb (SR)   Coul. recip.      Potential
    2.23040e+04    6.34907e+04   -7.51178e+05    3.75856e+03   -6.49852e+05
 Pressure (bar)
    1.11942e+04

           Step           Time
            265      265.00000

           Step           Time
            266      266.00000

   Energies (kJ/mol)
           Bond          Angle    Proper Dih. Per. Imp. Dih.          LJ-14
    4.58680e+02    1.13730e+03    7.78763e+03    8.35195e+01    2.34665e+03
     Coulomb-14        LJ (SR)   Coulomb (SR)   Coul. recip.      Potential
    2.23039e+04    6.35375e+04   -7.51312e+05    3.75502e+03   -6.49902e+05
 Pressure (bar)
    1.11987e+04

           Step           Time
            267      267.00000

   Energies (kJ/mol)
           Bond          Angle    Proper Dih. Per. Imp. Dih.          LJ-14
    4.65119e+02    1.13837e+03    7.78737e+03    8.33043e+01    2.34628e+03
     Coulomb-14        LJ (SR)   Coulomb (SR)   Coul. recip.      Potential
    2.23025e+04    6.35812e+04   -7.51433e+05    3.75428e+03   -6.49974e+05
 Pressure (bar)
    1.12028e+04

           Step           Time
            268      268.00000

   Energies (kJ/mol)
           Bond          Angle    Proper Dih. Per. Imp. Dih.          LJ-14
    5.31547e+02    1.14549e+03    7.78719e+03    8.35975e+01    2.34589e+03
     Coulomb-14        LJ (SR)   Coulomb (SR)   Coul. recip.      Potential
    2.23028e+04    6.36256e+04   -7.51559e+05    3.75034e+03   -6.49987e+05
 Pressure (bar)
    1.12059e+04

           Step           Time
            269      269.00000

   Energies (kJ/mol)
           Bond          Angle    Proper Dih. Per. Imp. Dih.          LJ-14
    5.59019e+02    1.14870e+03    7.78690e+03    8.32942e+01    2.34553e+03
     Coulomb-14        LJ (SR)   Coulomb (SR)   Coul. recip.      Potential
    2.23010e+04    6.36718e+04   -7.51686e+05    3.75023e+03   -6.50039e+05
 Pressure (bar)
    1.12100e+04

           Step           Time
            270      270.00000

           Step           Time
            271      271.00000

   Energies (kJ/mol)
           Bond          Angle    Proper Dih. Per. Imp. Dih.          LJ-14
    3.88507e+02    1.13145e+03    7.78682e+03    8.34693e+01    2.34513e+03
     Coulomb-14        LJ (SR)   Coulomb (SR)   Coul. recip.      Potential
    2.23014e+04    6.36910e+04   -7.51745e+05    3.74746e+03   -6.50270e+05
 Pressure (bar)
    1.12159e+04

           Step           Time
            272      272.00000

   Energies (kJ/mol)
           Bond          Angle    Proper Dih. Per. Imp. Dih.          LJ-14
    6.51360e+02    1.15636e+03    7.78593e+03    8.31987e+01    2.34389e+03
     Coulomb-14        LJ (SR)   Coulomb (SR)   Coul. recip.      Potential
    2.22981e+04    6.38737e+04   -7.52245e+05    3.74093e+03   -6.50312e+05
 Pressure (bar)
    1.12287e+04

           Step           Time
            273      273.00000

   Energies (kJ/mol)
           Bond          Angle    Proper Dih. Per. Imp. Dih.          LJ-14
    4.16762e+02    1.13478e+03    7.78582e+03    8.34482e+01    2.34330e+03
     Coulomb-14        LJ (SR)   Coulomb (SR)   Coul. recip.      Potential
    2.22987e+04    6.38953e+04   -7.52313e+05    3.73696e+03   -6.50618e+05
 Pressure (bar)
    1.12352e+04

           Step           Time
            274      274.00000

           Step           Time
            275      275.00000

   Energies (kJ/mol)
           Bond          Angle    Proper Dih. Per. Imp. Dih.          LJ-14
    4.41868e+02    1.13677e+03    7.78558e+03    8.32842e+01    2.34296e+03
     Coulomb-14        LJ (SR)   Coulomb (SR)   Coul. recip.      Potential
    2.22975e+04    6.39435e+04   -7.52445e+05    3.73582e+03   -6.50678e+05
 Pressure (bar)
    1.12400e+04

           Step           Time
            276      276.00000

   Energies (kJ/mol)
           Bond          Angle    Proper Dih. Per. Imp. Dih.          LJ-14
    4.52926e+02    1.13877e+03    7.78541e+03    8.34780e+01    2.34257e+03
     Coulomb-14        LJ (SR)   Coulomb (SR)   Coul. recip.      Potential
    2.22976e+04    6.39834e+04   -7.52557e+05    3.73244e+03   -6.50741e+05
 Pressure (bar)
    1.12435e+04

           Step           Time
            277      277.00000

   Energies (kJ/mol)
           Bond          Angle    Proper Dih. Per. Imp. Dih.          LJ-14
    4.98979e+02    1.14303e+03    7.78515e+03    8.32551e+01    2.34222e+03
     Coulomb-14        LJ (SR)   Coulomb (SR)   Coul. recip.      Potential
    2.22962e+04    6.40322e+04   -7.52690e+05    3.73177e+03   -6.50777e+05
 Pressure (bar)
    1.12477e+04

           Step           Time
            278      278.00000

   Energies (kJ/mol)
           Bond          Angle    Proper Dih. Per. Imp. Dih.          LJ-14
    5.28803e+02    1.14715e+03    7.78500e+03    8.35708e+01    2.34188e+03
     Coulomb-14        LJ (SR)   Coulomb (SR)   Coul. recip.      Potential
    2.22966e+04    6.40714e+04   -7.52800e+05    3.72790e+03   -6.50818e+05
 Pressure (bar)
    1.12508e+04

           Step           Time
            279      279.00000

           Step           Time
            280      280.00000

   Energies (kJ/mol)
           Bond          Angle    Proper Dih. Per. Imp. Dih.          LJ-14
    3.88645e+02    1.13252e+03    7.78486e+03    8.33625e+01    2.34153e+03
     Coulomb-14        LJ (SR)   Coulomb (SR)   Coul. recip.      Potential
    2.22957e+04    6.40950e+04   -7.52867e+05    3.72755e+03   -6.51018e+05
 Pressure (bar)
    1.12565e+04

           Step           Time
            281      281.00000

   Energies (kJ/mol)
           Bond          Angle    Proper Dih. Per. Imp. Dih.          LJ-14
    6.01153e+02    1.15242e+03    7.78392e+03    8.34841e+01    2.33996e+03
     Coulomb-14        LJ (SR)   Coulomb (SR)   Coul. recip.      Potential
    2.22935e+04    6.43098e+04   -7.53451e+05    3.71651e+03   -6.51170e+05
 Pressure (bar)
    1.12739e+04

           Step           Time
            282      282.00000

   Energies (kJ/mol)
           Bond          Angle    Proper Dih. Per. Imp. Dih.          LJ-14
    4.11123e+02    1.13503e+03    7.78374e+03    8.32472e+01    2.33948e+03
     Coulomb-14        LJ (SR)   Coulomb (SR)   Coul. recip.      Potential
    2.22924e+04    6.43380e+04   -7.53531e+05    3.71597e+03   -6.51432e+05
 Pressure (bar)
    1.12801e+04

           Step           Time
            283      283.00000

           Step           Time
            284      284.00000

   Energies (kJ/mol)
           Bond          Angle    Proper Dih. Per. Imp. Dih.          LJ-14
    4.33047e+02    1.13743e+03    7.78356e+03    8.33867e+01    2.33914e+03
     Coulomb-14        LJ (SR)   Coulomb (SR)   Coul. recip.      Potential
    2.22922e+04    6.43841e+04   -7.53658e+05    3.71287e+03   -6.51492e+05
 Pressure (bar)
    1.12847e+04

           Step           Time
            285      285.00000

   Energies (kJ/mol)
           Bond          Angle    Proper Dih. Per. Imp. Dih.          LJ-14
    4.39705e+02    1.13816e+03    7.78335e+03    8.32172e+01    2.33877e+03
     Coulomb-14        LJ (SR)   Coulomb (SR)   Coul. recip.      Potential
    2.22912e+04    6.44271e+04   -7.53774e+05    3.71190e+03   -6.51560e+05
 Pressure (bar)
    1.12889e+04

           Step           Time
            286      286.00000

   Energies (kJ/mol)
           Bond          Angle    Proper Dih. Per. Imp. Dih.          LJ-14
    4.78544e+02    1.14261e+03    7.78318e+03    8.34377e+01    2.33846e+03
     Coulomb-14        LJ (SR)   Coulomb (SR)   Coul. recip.      Potential
    2.22912e+04    6.44711e+04   -7.53894e+05    3.70849e+03   -6.51597e+05
 Pressure (bar)
    1.12926e+04

           Step           Time
            287      287.00000

   Energies (kJ/mol)
           Bond          Angle    Proper Dih. Per. Imp. Dih.          LJ-14
    4.99602e+02    1.14467e+03    7.78296e+03    8.32008e+01    2.33808e+03
     Coulomb-14        LJ (SR)   Coulomb (SR)   Coul. recip.      Potential
    2.22899e+04    6.45161e+04   -7.54015e+05    3.70799e+03   -6.51652e+05
 Pressure (bar)
    1.12967e+04

           Step           Time
            288      288.00000

           Step           Time
            289      289.00000

   Energies (kJ/mol)
           Bond          Angle    Proper Dih. Per. Imp. Dih.          LJ-14
    3.89945e+02    1.13385e+03    7.78289e+03    8.33357e+01    2.33781e+03
     Coulomb-14        LJ (SR)   Coulomb (SR)   Coul. recip.      Potential
    2.22901e+04    6.45359e+04   -7.54072e+05    3.70576e+03   -6.51813e+05
 Pressure (bar)
    1.13013e+04

           Step           Time
            290      290.00000

   Energies (kJ/mol)
           Bond          Angle    Proper Dih. Per. Imp. Dih.          LJ-14
    5.57782e+02    1.14975e+03    7.78209e+03    8.31232e+01    2.33650e+03
     Coulomb-14        LJ (SR)   Coulomb (SR)   Coul. recip.      Potential
    2.22873e+04    6.47223e+04   -7.54570e+05    3.69869e+03   -6.51952e+05
 Pressure (bar)
    1.13169e+04

           Step           Time
            291      291.00000

   Energies (kJ/mol)
           Bond          Angle    Proper Dih. Per. Imp. Dih.          LJ-14
    4.07331e+02    1.13609e+03    7.78199e+03    8.33194e+01    2.33612e+03
     Coulomb-14        LJ (SR)   Coulomb (SR)   Coul. recip.      Potential
    2.22876e+04    6.47448e+04   -7.54635e+05    3.69562e+03   -6.52162e+05
 Pressure (bar)
    1.13219e+04

           Step           Time
            292      292.00000

           Step           Time
            293      293.00000

   Energies (kJ/mol)
           Bond          Angle    Proper Dih. Per. Imp. Dih.          LJ-14
    4.25272e+02    1.13746e+03    7.78179e+03    8.31906e+01    2.33576e+03
     Coulomb-14        LJ (SR)   Coulomb (SR)   Coul. recip.      Potential
    2.22867e+04    6.47927e+04   -7.54763e+05    3.69424e+03   -6.52226e+05
 Pressure (bar)
    1.13268e+04

           Step           Time
            294      294.00000

   Energies (kJ/mol)
           Bond          Angle    Proper Dih. Per. Imp. Dih.          LJ-14
    4.29646e+02    1.13866e+03    7.78164e+03    8.33393e+01    2.33547e+03
     Coulomb-14        LJ (SR)   Coulomb (SR)   Coul. recip.      Potential
    2.22866e+04    6.48320e+04   -7.54869e+05    3.69138e+03   -6.52290e+05
 Pressure (bar)
    1.13305e+04

           Step           Time
            295      295.00000

   Energies (kJ/mol)
           Bond          Angle    Proper Dih. Per. Imp. Dih.          LJ-14
    4.61716e+02    1.14145e+03    7.78142e+03    8.31641e+01    2.33509e+03
     Coulomb-14        LJ (SR)   Coulomb (SR)   Coul. recip.      Potential
    2.22855e+04    6.48800e+04   -7.54996e+05    3.69036e+03   -6.52338e+05
 Pressure (bar)
    1.13349e+04

           Step           Time
            296      296.00000

   Energies (kJ/mol)
           Bond          Angle    Proper Dih. Per. Imp. Dih.          LJ-14
    4.76590e+02    1.14392e+03    7.78128e+03    8.33992e+01    2.33484e+03
     Coulomb-14        LJ (SR)   Coulomb (SR)   Coul. recip.      Potential
    2.22856e+04    6.49189e+04   -7.55102e+05    3.68714e+03   -6.52390e+05
 Pressure (bar)
    1.13385e+04

           Step           Time
            297      297.00000

   Energies (kJ/mol)
           Bond          Angle    Proper Dih. Per. Imp. Dih.          LJ-14
    5.35378e+02    1.14943e+03    7.78105e+03    8.31486e+01    2.33445e+03
     Coulomb-14        LJ (SR)   Coulomb (SR)   Coul. recip.      Potential
    2.22844e+04    6.49675e+04   -7.55229e+05    3.68664e+03   -6.52407e+05
 Pressure (bar)
    1.13423e+04

           Step           Time
            298      298.00000

   Energies (kJ/mol)
           Bond          Angle    Proper Dih. Per. Imp. Dih.          LJ-14
    5.75154e+02    1.15492e+03    7.78092e+03    8.35320e+01    2.33426e+03
     Coulomb-14        LJ (SR)   Coulomb (SR)   Coul. recip.      Potential
    2.22847e+04    6.50056e+04   -7.55332e+05    3.68292e+03   -6.52430e+05
 Pressure (bar)
    1.13453e+04

           Step           Time
            299      299.00000

           Step           Time
            300      300.00000

   Energies (kJ/mol)
           Bond          Angle    Proper Dih. Per. Imp. Dih.          LJ-14
    3.92707e+02    1.13565e+03    7.78081e+03    8.32813e+01    2.33383e+03
     Coulomb-14        LJ (SR)   Coulomb (SR)   Coul. recip.      Potential
    2.22839e+04    6.50287e+04   -7.55397e+05    3.68257e+03   -6.52676e+05
 Pressure (bar)
    1.13520e+04

           Step           Time
            301      301.00000

   Energies (kJ/mol)
           Bond          Angle    Proper Dih. Per. Imp. Dih.          LJ-14
    6.69769e+02    1.16108e+03    7.78000e+03    8.34318e+01    2.33260e+03
     Coulomb-14        LJ (SR)   Coulomb (SR)   Coul. recip.      Potential
    2.22820e+04    6.52426e+04   -7.55957e+05    3.67236e+03   -6.52733e+05
 Pressure (bar)
    1.13682e+04

           Step           Time
            302      302.00000

   Energies (kJ/mol)
           Bond          Angle    Proper Dih. Per. Imp. Dih.          LJ-14
    4.21607e+02    1.13853e+03    7.77984e+03    8.31586e+01    2.33200e+03
     Coulomb-14        LJ (SR)   Coulomb (SR)   Coul. recip.      Potential
    2.22810e+04    6.52703e+04   -7.56035e+05    3.67173e+03   -6.53057e+05
 Pressure (bar)
    1.13755e+04

           Step           Time
            303      303.00000

           Step           Time
            304      304.00000

   Energies (kJ/mol)
           Bond          Angle    Proper Dih. Per. Imp. Dih.          LJ-14
    4.50366e+02    1.14164e+03    7.77971e+03    8.33207e+01    2.33177e+03
     Coulomb-14        LJ (SR)   Coulomb (SR)   Coul. recip.      Potential
    2.22809e+04    6.53154e+04   -7.56155e+05    3.66880e+03   -6.53103e+05
 Pressure (bar)
    1.13801e+04

           Step           Time
            305      305.00000

   Energies (kJ/mol)
           Bond          Angle    Proper Dih. Per. Imp. Dih.          LJ-14
    4.58575e+02    1.14251e+03    7.77952e+03    8.31230e+01    2.33138e+03
     Coulomb-14        LJ (SR)   Coulomb (SR)   Coul. recip.      Potential
    2.22799e+04    6.53581e+04   -7.56266e+05    3.66799e+03   -6.53165e+05
 Pressure (bar)
    1.13842e+04

           Step           Time
            306      306.00000

   Energies (kJ/mol)
           Bond          Angle    Proper Dih. Per. Imp. Dih.          LJ-14
    5.09638e+02    1.14835e+03    7.77938e+03    8.33833e+01    2.33120e+03
     Coulomb-14        LJ (SR)   Coulomb (SR)   Coul. recip.      Potential
    2.22799e+04    6.54010e+04   -7.56380e+05    3.66472e+03   -6.53182e+05
 Pressure (bar)
    1.13877e+04

           Step           Time
            307      307.00000

   Energies (kJ/mol)
           Bond          Angle    Proper Dih. Per. Imp. Dih.          LJ-14
    5.36320e+02    1.15097e+03    7.77917e+03    8.31082e+01    2.33077e+03
     Coulomb-14        LJ (SR)   Coulomb (SR)   Coul. recip.      Potential
    2.22788e+04    6.54459e+04   -7.56496e+05    3.66441e+03   -6.53226e+05
 Pressure (bar)
    1.13917e+04

           Step           Time
            308      308.00000

           Step           Time
            309      309.00000

   Energies (kJ/mol)
           Bond          Angle    Proper Dih. Per. Imp. Dih.          LJ-14
    3.93925e+02    1.13679e+03    7.77912e+03    8.32660e+01    2.33055e+03
     Coulomb-14        LJ (SR)   Coulomb (SR)   Coul. recip.      Potential
    2.22789e+04    6.54647e+04   -7.56550e+05    3.66214e+03   -6.53420e+05
 Pressure (bar)
    1.13970e+04

           Step           Time
            310      310.00000

   Energies (kJ/mol)
           Bond          Angle    Proper Dih. Per. Imp. Dih.          LJ-14
    6.12277e+02    1.15717e+03    7.77843e+03    8.30142e+01    2.32943e+03
     Coulomb-14        LJ (SR)   Coulomb (SR)   Coul. recip.      Potential
    2.22765e+04    6.56482e+04   -7.57022e+05    3.65596e+03   -6.53481e+05
 Pressure (bar)
    1.14115e+04

           Step           Time
            311      311.00000

   Energies (kJ/mol)
           Bond          Angle    Proper Dih. Per. Imp. Dih.          LJ-14
    4.16563e+02    1.13944e+03    7.77834e+03    8.32406e+01    2.32908e+03
     Coulomb-14        LJ (SR)   Coulomb (SR)   Coul. recip.      Potential
    2.22768e+04    6.56694e+04   -7.57084e+05    3.65270e+03   -6.53738e+05
 Pressure (bar)
    1.14172e+04

           Step           Time
            312      312.00000

           Step           Time
            313      313.00000

   Energies (kJ/mol)
           Bond          Angle    Proper Dih. Per. Imp. Dih.          LJ-14
    4.39289e+02    1.14110e+03    7.77817e+03    8.30941e+01    2.32874e+03
     Coulomb-14        LJ (SR)   Coulomb (SR)   Coul. recip.      Potential
    2.22759e+04    6.57166e+04   -7.57206e+05    3.65156e+03   -6.53791e+05
 Pressure (bar)
    1.14221e+04

           Step           Time
            314      314.00000

   Energies (kJ/mol)
           Bond          Angle    Proper Dih. Per. Imp. Dih.          LJ-14
    4.45784e+02    1.14273e+03    7.77804e+03    8.32688e+01    2.32853e+03
     Coulomb-14        LJ (SR)   Coulomb (SR)   Coul. recip.      Potential
    2.22759e+04    6.57551e+04   -7.57307e+05    3.64875e+03   -6.53849e+05
 Pressure (bar)
    1.14258e+04

           Step           Time
            315      315.00000

   Energies (kJ/mol)
           Bond          Angle    Proper Dih. Per. Imp. Dih.          LJ-14
    4.86642e+02    1.14625e+03    7.77785e+03    8.30663e+01    2.32814e+03
     Coulomb-14        LJ (SR)   Coulomb (SR)   Coul. recip.      Potential
    2.22749e+04    6.58027e+04   -7.57429e+05    3.64796e+03   -6.53881e+05
 Pressure (bar)
    1.14300e+04

           Step           Time
            316      316.00000

   Energies (kJ/mol)
           Bond          Angle    Proper Dih. Per. Imp. Dih.          LJ-14
    5.07359e+02    1.14960e+03    7.77773e+03    8.33463e+01    2.32801e+03
     Coulomb-14        LJ (SR)   Coulomb (SR)   Coul. recip.      Potential
    2.22750e+04    6.58405e+04   -7.57528e+05    3.64479e+03   -6.53922e+05
 Pressure (bar)
    1.14334e+04

           Step           Time
            317      317.00000

           Step           Time
            318      318.00000

   Energies (kJ/mol)
           Bond          Angle    Proper Dih. Per. Imp. Dih.          LJ-14
    3.94684e+02    1.13760e+03    7.77763e+03    8.31624e+01    2.32765e+03
     Coulomb-14        LJ (SR)   Coulomb (SR)   Coul. recip.      Potential
    2.22744e+04    6.58635e+04   -7.57590e+05    3.64439e+03   -6.54086e+05
 Pressure (bar)
    1.14385e+04

           Step           Time
            319      319.00000

   Energies (kJ/mol)
           Bond          Angle    Proper Dih. Per. Imp. Dih.          LJ-14
    5.66156e+02    1.15399e+03    7.77696e+03    8.32823e+01    2.32659e+03
     Coulomb-14        LJ (SR)   Coulomb (SR)   Coul. recip.      Potential
    2.22727e+04    6.60617e+04   -7.58097e+05    3.63524e+03   -6.54220e+05
 Pressure (bar)
    1.14556e+04

           Step           Time
            320      320.00000

   Energies (kJ/mol)
           Bond          Angle    Proper Dih. Per. Imp. Dih.          LJ-14
    4.13530e+02    1.13962e+03    7.77681e+03    8.30644e+01    2.32609e+03
     Coulomb-14        LJ (SR)   Coulomb (SR)   Coul. recip.      Potential
    2.22720e+04    6.60891e+04   -7.58170e+05    3.63463e+03   -6.54435e+05
 Pressure (bar)
    1.14613e+04

           Step           Time
            321      321.00000

           Step           Time
            322      322.00000

   Energies (kJ/mol)
           Bond          Angle    Proper Dih. Per. Imp. Dih.          LJ-14
    4.29826e+02    1.14158e+03    7.77668e+03    8.31895e+01    2.32589e+03
     Coulomb-14        LJ (SR)   Coulomb (SR)   Coul. recip.      Potential
    2.22717e+04    6.61334e+04   -7.58284e+05    3.63203e+03   -6.54490e+05
 Pressure (bar)
    1.14659e+04

           Step           Time
            323      323.00000

   Energies (kJ/mol)
           Bond          Angle    Proper Dih. Per. Imp. Dih.          LJ-14
    4.37334e+02    1.14218e+03    7.77651e+03    8.30337e+01    2.32551e+03
     Coulomb-14        LJ (SR)   Coulomb (SR)   Coul. recip.      Potential
    2.22710e+04    6.61753e+04   -7.58391e+05    3.63102e+03   -6.54550e+05
 Pressure (bar)
    1.14700e+04

           Step           Time
            324      324.00000

   Energies (kJ/mol)
           Bond          Angle    Proper Dih. Per. Imp. Dih.          LJ-14
    4.66772e+02    1.14583e+03    7.77638e+03    8.32303e+01    2.32537e+03
     Coulomb-14        LJ (SR)   Coulomb (SR)   Coul. recip.      Potential
    2.22709e+04    6.62176e+04   -7.58500e+05    3.62820e+03   -6.54586e+05
 Pressure (bar)
    1.14739e+04

           Step           Time
            325      325.00000

   Energies (kJ/mol)
           Bond          Angle    Proper Dih. Per. Imp. Dih.          LJ-14
    4.86993e+02    1.14752e+03    7.77620e+03    8.30117e+01    2.32494e+03
     Coulomb-14        LJ (SR)   Coulomb (SR)   Coul. recip.      Potential
    2.22700e+04    6.62613e+04   -7.58611e+05    3.62755e+03   -6.54634e+05
 Pressure (bar)
    1.14780e+04

           Step           Time
            326      326.00000

   Energies (kJ/mol)
           Bond          Angle    Proper Dih. Per. Imp. Dih.          LJ-14
    5.42248e+02    1.15425e+03    7.77608e+03    8.33244e+01    2.32490e+03
     Coulomb-14        LJ (SR)   Coulomb (SR)   Coul. recip.      Potential
    2.22701e+04    6.63018e+04   -7.58715e+05    3.62441e+03   -6.54638e+05
 Pressure (bar)
    1.14811e+04

           Step           Time
            327      327.00000

   Energies (kJ/mol)
           Bond          Angle    Proper Dih. Per. Imp. Dih.          LJ-14
    5.90302e+02    1.15885e+03    7.77587e+03    8.30064e+01    2.32440e+03
     Coulomb-14        LJ (SR)   Coulomb (SR)   Coul. recip.      Potential
    2.22691e+04    6.63476e+04   -7.58830e+05    3.62428e+03   -6.54657e+05
 Pressure (bar)
    1.14849e+04

           Step           Time
            328      328.00000

           Step           Time
            329      329.00000

   Energies (kJ/mol)
           Bond          Angle    Proper Dih. Per. Imp. Dih.          LJ-14
    3.96832e+02    1.13945e+03    7.77583e+03    8.31908e+01    2.32422e+03
     Coulomb-14        LJ (SR)   Coulomb (SR)   Coul. recip.      Potential
    2.22692e+04    6.63648e+04   -7.58880e+05    3.62194e+03   -6.54904e+05
 Pressure (bar)
    1.14912e+04

           Step           Time
            330      330.00000

           Step           Time
            331      331.00000

   Energies (kJ/mol)
           Bond          Angle    Proper Dih. Per. Imp. Dih.          LJ-14
    4.53782e+02    1.14387e+03    7.77549e+03    8.30116e+01    2.32359e+03
     Coulomb-14        LJ (SR)   Coulomb (SR)   Coul. recip.      Potential
    2.22680e+04    6.64667e+04   -7.59136e+05    3.61861e+03   -6.55003e+05
 Pressure (bar)
    1.15009e+04

           Step           Time
            332      332.00000

   Energies (kJ/mol)
           Bond          Angle    Proper Dih. Per. Imp. Dih.          LJ-14
    4.07534e+02    1.14033e+03    7.77539e+03    8.31412e+01    2.32340e+03
     Coulomb-14        LJ (SR)   Coulomb (SR)   Coul. recip.      Potential
    2.22679e+04    6.64932e+04   -7.59205e+05    3.61634e+03   -6.55098e+05
 Pressure (bar)
    1.15041e+04

           Step           Time
            333      333.00000

   Energies (kJ/mol)
           Bond          Angle    Proper Dih. Per. Imp. Dih.          LJ-14
    4.94272e+02    1.14845e+03    7.77514e+03    8.29704e+01    2.32295e+03
     Coulomb-14        LJ (SR)   Coulomb (SR)   Coul. recip.      Potential
    2.22669e+04    6.65658e+04   -7.59387e+05    3.61444e+03   -6.55116e+05
 Pressure (bar)
    1.15101e+04

           Step           Time
            334      334.00000

   Energies (kJ/mol)
           Bond          Angle    Proper Dih. Per. Imp. Dih.          LJ-14
    4.34729e+02    1.14359e+03    7.77505e+03    8.31671e+01    2.32280e+03
     Coulomb-14        LJ (SR)   Coulomb (SR)   Coul. recip.      Potential
    2.22670e+04    6.65941e+04   -7.59461e+05    3.61185e+03   -6.55229e+05
 Pressure (bar)
    1.15142e+04

           Step           Time
            335      335.00000

           Step           Time
            336      336.00000

   Energies (kJ/mol)
           Bond          Angle    Proper Dih. Per. Imp. Dih.          LJ-14
    4.06656e+02    1.14020e+03    7.77495e+03    8.30313e+01    2.32251e+03
     Coulomb-14        LJ (SR)   Coulomb (SR)   Coul. recip.      Potential
    2.22665e+04    6.66244e+04   -7.59538e+05    3.61117e+03   -6.55309e+05
 Pressure (bar)
    1.15182e+04

           Step           Time
            337      337.00000

   Energies (kJ/mol)
           Bond          Angle    Proper Dih. Per. Imp. Dih.          LJ-14
    4.63413e+02    1.14649e+03    7.77473e+03    8.31680e+01    2.32224e+03
     Coulomb-14        LJ (SR)   Coulomb (SR)   Coul. recip.      Potential
    2.22660e+04    6.66900e+04   -7.59703e+05    3.60773e+03   -6.55349e+05
 Pressure (bar)
    1.15238e+04

           Step           Time
            338      338.00000

   Energies (kJ/mol)
           Bond          Angle    Proper Dih. Per. Imp. Dih.          LJ-14
    4.28728e+02    1.14261e+03    7.77460e+03    8.29891e+01    2.32186e+03
     Coulomb-14        LJ (SR)   Coulomb (SR)   Coul. recip.      Potential
    2.22654e+04    6.67241e+04   -7.59790e+05    3.60712e+03   -6.55442e+05
 Pressure (bar)
    1.15282e+04

           Step           Time
            339      339.00000

           Step           Time
            340      340.00000

   Energies (kJ/mol)
           Bond          Angle    Proper Dih. Per. Imp. Dih.          LJ-14
    4.02046e+02    1.14025e+03    7.77451e+03    8.30829e+01    2.32174e+03
     Coulomb-14        LJ (SR)   Coulomb (SR)   Coul. recip.      Potential
    2.22653e+04    6.67506e+04   -7.59858e+05    3.60535e+03   -6.55515e+05
 Pressure (bar)
    1.15317e+04

           Step           Time
            341      341.00000

   Energies (kJ/mol)
           Bond          Angle    Proper Dih. Per. Imp. Dih.          LJ-14
    4.51557e+02    1.14487e+03    7.77426e+03    8.29469e+01    2.32125e+03
     Coulomb-14        LJ (SR)   Coulomb (SR)   Coul. recip.      Potential
    2.22644e+04    6.68232e+04   -7.60039e+05    3.60308e+03   -6.55573e+05
 Pressure (bar)
    1.15382e+04

           Step           Time
            342      342.00000

   Energies (kJ/mol)
           Bond          Angle    Proper Dih. Per. Imp. Dih.          LJ-14
    4.16947e+02    1.14209e+03    7.77417e+03    8.30906e+01    2.32114e+03
     Coulomb-14        LJ (SR)   Coulomb (SR)   Coul. recip.      Potential
    2.22643e+04    6.68520e+04   -7.60113e+05    3.60094e+03   -6.55658e+05
 Pressure (bar)
    1.15420e+04

           Step           Time
            343      343.00000

   Energies (kJ/mol)
           Bond          Angle    Proper Dih. Per. Imp. Dih.          LJ-14
    4.94005e+02    1.14933e+03    7.77395e+03    8.29185e+01    2.32071e+03
     Coulomb-14        LJ (SR)   Coulomb (SR)   Coul. recip.      Potential
    2.22635e+04    6.69134e+04   -7.60265e+05    3.59952e+03   -6.55668e+05
 Pressure (bar)
    1.15469e+04

           Step           Time
            344      344.00000

   Energies (kJ/mol)
           Bond          Angle    Proper Dih. Per. Imp. Dih.          LJ-14
    4.52390e+02    1.14623e+03    7.77386e+03    8.31407e+01    2.32062e+03
     Coulomb-14        LJ (SR)   Coulomb (SR)   Coul. recip.      Potential
    2.22635e+04    6.69437e+04   -7.60343e+05    3.59691e+03   -6.55763e+05
 Pressure (bar)
    1.15509e+04

           Step           Time
            345      345.00000

           Step           Time
            346      346.00000

   Energies (kJ/mol)
           Bond          Angle    Proper Dih. Per. Imp. Dih.          LJ-14
    4.04382e+02    1.14081e+03    7.77376e+03    8.29941e+01    2.32031e+03
     Coulomb-14        LJ (SR)   Coulomb (SR)   Coul. recip.      Potential
    2.22630e+04    6.69710e+04   -7.60412e+05    3.59636e+03   -6.55860e+05
 Pressure (bar)
    1.15551e+04

           Step           Time
            347      347.00000

   Energies (kJ/mol)
           Bond          Angle    Proper Dih. Per. Imp. Dih.          LJ-14
    4.88375e+02    1.14971e+03    7.77349e+03    8.31408e+01    2.32001e+03
     Coulomb-14        LJ (SR)   Coulomb (SR)   Coul. recip.      Potential
    2.22624e+04    6.70539e+04   -7.60618e+05    3.59231e+03   -6.55895e+05
 Pressure (bar)
    1.15620e+04

           Step           Time
            348      348.00000

   Energies (kJ/mol)
           Bond          Angle    Proper Dih. Per. Imp. Dih.          LJ-14
    4.25858e+02    1.14314e+03    7.77335e+03    8.29479e+01    2.31959e+03
     Coulomb-14        LJ (SR)   Coulomb (SR)   Coul. recip.      Potential
    2.22619e+04    6.70852e+04   -7.60697e+05    3.59176e+03   -6.56014e+05
 Pressure (bar)
    1.15666e+04

           Step           Time
            349      349.00000

           Step           Time
            350      350.00000

   Energies (kJ/mol)
           Bond          Angle    Proper Dih. Per. Imp. Dih.          LJ-14
    4.08950e+02    1.14175e+03    7.77327e+03    8.30491e+01    2.31949e+03
     Coulomb-14        LJ (SR)   Coulomb (SR)   Coul. recip.      Potential
    2.22617e+04    6.71154e+04   -7.60774e+05    3.58989e+03   -6.56080e+05
 Pressure (bar)
    1.15703e+04

           Step           Time
            351      351.00000

   Energies (kJ/mol)
           Bond          Angle    Proper Dih. Per. Imp. Dih.          LJ-14
    4.49146e+02    1.14545e+03    7.77306e+03    8.29072e+01    2.31907e+03
     Coulomb-14        LJ (SR)   Coulomb (SR)   Coul. recip.      Potential
    2.22610e+04    6.71733e+04   -7.60917e+05    3.58828e+03   -6.56124e+05
 Pressure (bar)
    1.15755e+04

           Step           Time
            352      352.00000

   Energies (kJ/mol)
           Bond          Angle    Proper Dih. Per. Imp. Dih.          LJ-14
    4.29196e+02    1.14415e+03    7.77298e+03    8.30650e+01    2.31898e+03
     Coulomb-14        LJ (SR)   Coulomb (SR)   Coul. recip.      Potential
    2.22609e+04    6.72051e+04   -7.60997e+05    3.58601e+03   -6.56196e+05
 Pressure (bar)
    1.15793e+04

           Step           Time
            353      353.00000

   Energies (kJ/mol)
           Bond          Angle    Proper Dih. Per. Imp. Dih.          LJ-14
    4.93793e+02    1.15014e+03    7.77277e+03    8.28792e+01    2.31856e+03
     Coulomb-14        LJ (SR)   Coulomb (SR)   Coul. recip.      Potential
    2.22602e+04    6.72586e+04   -7.61128e+05    3.58498e+03   -6.56206e+05
 Pressure (bar)
    1.15837e+04

           Step           Time
            354      354.00000

   Energies (kJ/mol)
           Bond          Angle    Proper Dih. Per. Imp. Dih.          LJ-14
    4.74484e+02    1.14934e+03    7.77268e+03    8.31243e+01    2.31854e+03
     Coulomb-14        LJ (SR)   Coulomb (SR)   Coul. recip.      Potential
    2.22601e+04    6.72913e+04   -7.61211e+05    3.58232e+03   -6.56279e+05
 Pressure (bar)
    1.15875e+04

           Step           Time
            355      355.00000

           Step           Time
            356      356.00000

   Energies (kJ/mol)
           Bond          Angle    Proper Dih. Per. Imp. Dih.          LJ-14
    4.02441e+02    1.14143e+03    7.77258e+03    8.29625e+01    2.31819e+03
     Coulomb-14        LJ (SR)   Coulomb (SR)   Coul. recip.      Potential
    2.22597e+04    6.73161e+04   -7.61274e+05    3.58183e+03   -6.56399e+05
 Pressure (bar)
    1.15919e+04

           Step           Time
            357      357.00000

   Energies (kJ/mol)
           Bond          Angle    Proper Dih. Per. Imp. Dih.          LJ-14
    5.19209e+02    1.15334e+03    7.77224e+03    8.31102e+01    2.31782e+03
     Coulomb-14        LJ (SR)   Coulomb (SR)   Coul. recip.      Potential
    2.22589e+04    6.74263e+04   -7.61544e+05    3.57684e+03   -6.56437e+05
 Pressure (bar)
    1.16011e+04

           Step           Time
            358      358.00000

   Energies (kJ/mol)
           Bond          Angle    Proper Dih. Per. Imp. Dih.          LJ-14
    4.23040e+02    1.14363e+03    7.77211e+03    8.29024e+01    2.31735e+03
     Coulomb-14        LJ (SR)   Coulomb (SR)   Coul. recip.      Potential
    2.22584e+04    6.74552e+04   -7.61618e+05    3.57631e+03   -6.56589e+05
 Pressure (bar)
    1.16061e+04

           Step           Time
            359      359.00000

           Step           Time
            360      360.00000

   Energies (kJ/mol)
           Bond          Angle    Proper Dih. Per. Imp. Dih.          LJ-14
    4.18244e+02    1.14345e+03    7.77202e+03    8.30138e+01    2.31726e+03
     Coulomb-14        LJ (SR)   Coulomb (SR)   Coul. recip.      Potential
    2.22582e+04    6.74899e+04   -7.61704e+05    3.57431e+03   -6.56648e+05
 Pressure (bar)
    1.16101e+04

           Step           Time
            361      361.00000

   Energies (kJ/mol)
           Bond          Angle    Proper Dih. Per. Imp. Dih.          LJ-14
    4.46733e+02    1.14602e+03    7.77183e+03    8.28643e+01    2.31687e+03
     Coulomb-14        LJ (SR)   Coulomb (SR)   Coul. recip.      Potential
    2.22576e+04    6.75386e+04   -7.61823e+05    3.57309e+03   -6.56690e+05
 Pressure (bar)
    1.16146e+04

           Step           Time
            362      362.00000

   Energies (kJ/mol)
           Bond          Angle    Proper Dih. Per. Imp. Dih.          LJ-14
    4.44889e+02    1.14655e+03    7.77174e+03    8.30364e+01    2.31683e+03
     Coulomb-14        LJ (SR)   Coulomb (SR)   Coul. recip.      Potential
    2.22574e+04    6.75737e+04   -7.61911e+05    3.57078e+03   -6.56746e+05
 Pressure (bar)
    1.16184e+04

           Step           Time
            363      363.00000

   Energies (kJ/mol)
           Bond          Angle    Proper Dih. Per. Imp. Dih.          LJ-14
    4.93687e+02    1.15097e+03    7.77154e+03    8.28346e+01    2.31640e+03
     Coulomb-14        LJ (SR)   Coulomb (SR)   Coul. recip.      Potential
    2.22567e+04    6.76216e+04   -7.62027e+05    3.56996e+03   -6.56763e+05
 Pressure (bar)
    1.16225e+04

           Step           Time
            364      364.00000

   Energies (kJ/mol)
           Bond          Angle    Proper Dih. Per. Imp. Dih.          LJ-14
    5.01843e+02    1.15299e+03    7.77147e+03    8.31062e+01    2.31643e+03
     Coulomb-14        LJ (SR)   Coulomb (SR)   Coul. recip.      Potential
    2.22567e+04    6.76567e+04   -7.62114e+05    3.56727e+03   -6.56808e+05
 Pressure (bar)
    1.16261e+04

           Step           Time
            365      365.00000

           Step           Time
            366      366.00000

   Energies (kJ/mol)
           Bond          Angle    Proper Dih. Per. Imp. Dih.          LJ-14
    4.01001e+02    1.14212e+03    7.77137e+03    8.29282e+01    2.31605e+03
     Coulomb-14        LJ (SR)   Coulomb (SR)   Coul. recip.      Potential
    2.22563e+04    6.76795e+04   -7.62173e+05    3.56686e+03   -6.56956e+05
 Pressure (bar)
    1.16309e+04

           Step           Time
            367      367.00000

   Energies (kJ/mol)
           Bond          Angle    Proper Dih. Per. Imp. Dih.          LJ-14
    5.56750e+02    1.15731e+03    7.77088e+03    8.30602e+01    2.31551e+03
     Coulomb-14        LJ (SR)   Coulomb (SR)   Coul. recip.      Potential
    2.22550e+04    6.78379e+04   -7.62557e+05    3.56016e+03   -6.57020e+05
 Pressure (bar)
    1.16445e+04

           Step           Time
            368      368.00000

   Energies (kJ/mol)
           Bond          Angle    Proper Dih. Per. Imp. Dih.          LJ-14
    4.20500e+02    1.14412e+03    7.77075e+03    8.28426e+01    2.31498e+03
     Coulomb-14        LJ (SR)   Coulomb (SR)   Coul. recip.      Potential
    2.22546e+04    6.78649e+04   -7.62626e+05    3.55955e+03   -6.57214e+05
 Pressure (bar)
    1.16500e+04

           Step           Time
            369      369.00000

           Step           Time
            370      370.00000

   Energies (kJ/mol)
           Bond          Angle    Proper Dih. Per. Imp. Dih.          LJ-14
    4.30266e+02    1.14541e+03    7.77065e+03    8.29615e+01    2.31491e+03
     Coulomb-14        LJ (SR)   Coulomb (SR)   Coul. recip.      Potential
    2.22543e+04    6.79048e+04   -7.62724e+05    3.55741e+03   -6.57263e+05
 Pressure (bar)
    1.16543e+04

           Step           Time
            371      371.00000

   Energies (kJ/mol)
           Bond          Angle    Proper Dih. Per. Imp. Dih.          LJ-14
    4.44505e+02    1.14661e+03    7.77048e+03    8.28045e+01    2.31452e+03
     Coulomb-14        LJ (SR)   Coulomb (SR)   Coul. recip.      Potential
    2.22538e+04    6.79472e+04   -7.62827e+05    3.55646e+03   -6.57310e+05
 Pressure (bar)
    1.16585e+04

           Step           Time
            372      372.00000

   Energies (kJ/mol)
           Bond          Angle    Proper Dih. Per. Imp. Dih.          LJ-14
    4.64368e+02    1.14934e+03    7.77038e+03    8.29950e+01    2.31452e+03
     Coulomb-14        LJ (SR)   Coulomb (SR)   Coul. recip.      Potential
    2.22536e+04    6.79861e+04   -7.62922e+05    3.55408e+03   -6.57346e+05
 Pressure (bar)
    1.16623e+04

           Step           Time
            373      373.00000

   Energies (kJ/mol)
           Bond          Angle    Proper Dih. Per. Imp. Dih.          LJ-14
    4.93862e+02    1.15187e+03    7.77021e+03    8.27794e+01    2.31407e+03
     Coulomb-14        LJ (SR)   Coulomb (SR)   Coul. recip.      Potential
    2.22530e+04    6.80296e+04   -7.63027e+05    3.55341e+03   -6.57378e+05
 Pressure (bar)
    1.16663e+04

           Step           Time
            374      374.00000

   Energies (kJ/mol)
           Bond          Angle    Proper Dih. Per. Imp. Dih.          LJ-14
    5.34872e+02    1.15726e+03    7.77012e+03    8.30813e+01    2.31418e+03
     Coulomb-14        LJ (SR)   Coulomb (SR)   Coul. recip.      Potential
    2.22529e+04    6.80672e+04   -7.63119e+05    3.55072e+03   -6.57389e+05
 Pressure (bar)
    1.16695e+04

           Step           Time
            375      375.00000

           Step           Time
            376      376.00000

   Energies (kJ/mol)
           Bond          Angle    Proper Dih. Per. Imp. Dih.          LJ-14
    4.00279e+02    1.14293e+03    7.77002e+03    8.28832e+01    2.31375e+03
     Coulomb-14        LJ (SR)   Coulomb (SR)   Coul. recip.      Potential
    2.22526e+04    6.80883e+04   -7.63173e+05    3.55031e+03   -6.57572e+05
 Pressure (bar)
    1.16749e+04

           Step           Time
            377      377.00000

   Energies (kJ/mol)
           Bond          Angle    Proper Dih. Per. Imp. Dih.          LJ-14
    6.00426e+02    1.16109e+03    7.76923e+03    8.29571e+01    2.31278e+03
     Coulomb-14        LJ (SR)   Coulomb (SR)   Coul. recip.      Potential
    2.22504e+04    6.83510e+04   -7.63803e+05    3.53999e+03   -6.57735e+05
 Pressure (bar)
    1.16991e+04

           Step           Time
            378      378.00000

   Energies (kJ/mol)
           Bond          Angle    Proper Dih. Per. Imp. Dih.          LJ-14
    4.18932e+02    1.14463e+03    7.76908e+03    8.27445e+01    2.31217e+03
     Coulomb-14        LJ (SR)   Coulomb (SR)   Coul. recip.      Potential
    2.22500e+04    6.83764e+04   -7.63868e+05    3.53920e+03   -6.57975e+05
 Pressure (bar)
    1.17049e+04

           Step           Time
            379      379.00000

           Step           Time
            380      380.00000

   Energies (kJ/mol)
           Bond          Angle    Proper Dih. Per. Imp. Dih.          LJ-14
    4.44570e+02    1.14765e+03    7.76899e+03    8.28760e+01    2.31213e+03
     Coulomb-14        LJ (SR)   Coulomb (SR)   Coul. recip.      Potential
    2.22497e+04    6.84217e+04   -7.63978e+05    3.53690e+03   -6.58014e+05
 Pressure (bar)
    1.17097e+04

           Step           Time
            381      381.00000

   Energies (kJ/mol)
           Bond          Angle    Proper Dih. Per. Imp. Dih.          LJ-14
    4.43302e+02    1.14734e+03    7.76883e+03    8.27161e+01    2.31172e+03
     Coulomb-14        LJ (SR)   Coulomb (SR)   Coul. recip.      Potential
    2.22492e+04    6.84596e+04   -7.64069e+05    3.53610e+03   -6.58071e+05
 Pressure (bar)
    1.17138e+04

           Step           Time
            382      382.00000

   Energies (kJ/mol)
           Bond          Angle    Proper Dih. Per. Imp. Dih.          LJ-14
    4.86748e+02    1.15252e+03    7.76874e+03    8.29233e+01    2.31178e+03
     Coulomb-14        LJ (SR)   Coulomb (SR)   Coul. recip.      Potential
    2.22490e+04    6.85020e+04   -7.64171e+05    3.53368e+03   -6.58084e+05
 Pressure (bar)
    1.17176e+04

           Step           Time
            383      383.00000

   Energies (kJ/mol)
           Bond          Angle    Proper Dih. Per. Imp. Dih.          LJ-14
    4.95356e+02    1.15302e+03    7.76856e+03    8.26989e+01    2.31128e+03
     Coulomb-14        LJ (SR)   Coulomb (SR)   Coul. recip.      Potential
    2.22484e+04    6.85422e+04   -7.64268e+05    3.53314e+03   -6.58133e+05
 Pressure (bar)
    1.17217e+04

           Step           Time
            384      384.00000

           Step           Time
            385      385.00000

   Energies (kJ/mol)
           Bond          Angle    Proper Dih. Per. Imp. Dih.          LJ-14
    4.02922e+02    1.14403e+03    7.76852e+03    8.28273e+01    2.31126e+03
     Coulomb-14        LJ (SR)   Coulomb (SR)   Coul. recip.      Potential
    2.22483e+04    6.85610e+04   -7.64316e+05    3.53156e+03   -6.58265e+05
 Pressure (bar)
    1.17260e+04

           Step           Time
            386      386.00000

   Energies (kJ/mol)
           Bond          Angle    Proper Dih. Per. Imp. Dih.          LJ-14
    5.46260e+02    1.15737e+03    7.76805e+03    8.26289e+01    2.31049e+03
     Coulomb-14        LJ (SR)   Coulomb (SR)   Coul. recip.      Potential
    2.22470e+04    6.87054e+04   -7.64658e+05    3.52731e+03   -6.58313e+05
 Pressure (bar)
    1.17385e+04

           Step           Time
            387      387.00000

   Energies (kJ/mol)
           Bond          Angle    Proper Dih. Per. Imp. Dih.          LJ-14
    4.19798e+02    1.14606e+03    7.76801e+03    8.28188e+01    2.31045e+03
     Coulomb-14        LJ (SR)   Coulomb (SR)   Coul. recip.      Potential
    2.22469e+04    6.87265e+04   -7.64712e+05    3.52507e+03   -6.58486e+05
 Pressure (bar)
    1.17433e+04

           Step           Time
            388      388.00000

           Step           Time
            389      389.00000

   Energies (kJ/mol)
           Bond          Angle    Proper Dih. Per. Imp. Dih.          LJ-14
    4.30638e+02    1.14652e+03    7.76786e+03    8.26925e+01    2.31011e+03
     Coulomb-14        LJ (SR)   Coulomb (SR)   Coul. recip.      Potential
    2.22465e+04    6.87679e+04   -7.64810e+05    3.52411e+03   -6.58534e+05
 Pressure (bar)
    1.17478e+04

           Step           Time
            390      390.00000

   Energies (kJ/mol)
           Bond          Angle    Proper Dih. Per. Imp. Dih.          LJ-14
    4.40978e+02    1.14839e+03    7.76777e+03    8.28335e+01    2.31010e+03
     Coulomb-14        LJ (SR)   Coulomb (SR)   Coul. recip.      Potential
    2.22462e+04    6.88061e+04   -7.64902e+05    3.52197e+03   -6.58577e+05
 Pressure (bar)
    1.17516e+04

           Step           Time
            391      391.00000

   Energies (kJ/mol)
           Bond          Angle    Proper Dih. Per. Imp. Dih.          LJ-14
    4.62296e+02    1.14992e+03    7.76761e+03    8.26607e+01    2.30969e+03
     Coulomb-14        LJ (SR)   Coulomb (SR)   Coul. recip.      Potential
    2.22458e+04    6.88484e+04   -7.65003e+05    3.52117e+03   -6.58615e+05
 Pressure (bar)
    1.17558e+04

           Step           Time
            392      392.00000

   Energies (kJ/mol)
           Bond          Angle    Proper Dih. Per. Imp. Dih.          LJ-14
    4.84915e+02    1.15330e+03    7.76753e+03    8.28829e+01    2.30979e+03
     Coulomb-14        LJ (SR)   Coulomb (SR)   Coul. recip.      Potential
    2.22456e+04    6.88856e+04   -7.65091e+05    3.51888e+03   -6.58643e+05
 Pressure (bar)
    1.17593e+04

           Step           Time
            393      393.00000

   Energies (kJ/mol)
           Bond          Angle    Proper Dih. Per. Imp. Dih.          LJ-14
    5.27127e+02    1.15692e+03    7.76734e+03    8.26392e+01    2.30927e+03
     Coulomb-14        LJ (SR)   Coulomb (SR)   Coul. recip.      Potential
    2.22450e+04    6.89291e+04   -7.65194e+05    3.51837e+03   -6.58658e+05
 Pressure (bar)
    1.17632e+04

           Step           Time
            394      394.00000

           Step           Time
            395      395.00000

   Energies (kJ/mol)
           Bond          Angle    Proper Dih. Per. Imp. Dih.          LJ-14
    4.02051e+02    1.14466e+03    7.76732e+03    8.27752e+01    2.30926e+03
     Coulomb-14        LJ (SR)   Coulomb (SR)   Coul. recip.      Potential
    2.22449e+04    6.89458e+04   -7.65237e+05    3.51678e+03   -6.58823e+05
 Pressure (bar)
    1.17679e+04

           Step           Time
            396      396.00000

   Energies (kJ/mol)
           Bond          Angle    Proper Dih. Per. Imp. Dih.          LJ-14
    5.88694e+02    1.16136e+03    7.76659e+03    8.25073e+01    2.30810e+03
     Coulomb-14        LJ (SR)   Coulomb (SR)   Coul. recip.      Potential
    2.22428e+04    6.91868e+04   -7.65803e+05    3.50935e+03   -6.58957e+05
 Pressure (bar)
    1.17901e+04

           Step           Time
            397      397.00000

   Energies (kJ/mol)
           Bond          Angle    Proper Dih. Per. Imp. Dih.          LJ-14
    4.17323e+02    1.14626e+03    7.76655e+03    8.26970e+01    2.30803e+03
     Coulomb-14        LJ (SR)   Coulomb (SR)   Coul. recip.      Potential
    2.22428e+04    6.92057e+04   -7.65852e+05    3.50693e+03   -6.59176e+05
 Pressure (bar)
    1.17952e+04

           Step           Time
            398      398.00000

           Step           Time
            399      399.00000

   Energies (kJ/mol)
           Bond          Angle    Proper Dih. Per. Imp. Dih.          LJ-14
    4.45247e+02    1.14849e+03    7.76640e+03    8.25802e+01    2.30768e+03
     Coulomb-14        LJ (SR)   Coulomb (SR)   Coul. recip.      Potential
    2.22423e+04    6.92538e+04   -7.65966e+05    3.50575e+03   -6.59214e+05
 Pressure (bar)
    1.18003e+04

           Step           Time
            400      400.00000

   Energies (kJ/mol)
           Bond          Angle    Proper Dih. Per. Imp. Dih.          LJ-14
    4.38269e+02    1.14880e+03    7.76633e+03    8.27279e+01    2.30771e+03
     Coulomb-14        LJ (SR)   Coulomb (SR)   Coul. recip.      Potential
    2.22420e+04    6.92865e+04   -7.66044e+05    3.50384e+03   -6.59268e+05
 Pressure (bar)
    1.18039e+04

           Step           Time
            401      401.00000

   Energies (kJ/mol)
           Bond          Angle    Proper Dih. Per. Imp. Dih.          LJ-14
    4.84755e+02    1.15281e+03    7.76615e+03    8.25550e+01    2.30727e+03
     Coulomb-14        LJ (SR)   Coulomb (SR)   Coul. recip.      Potential
    2.22416e+04    6.93333e+04   -7.66154e+05    3.50296e+03   -6.59282e+05
 Pressure (bar)
    1.18082e+04

           Step           Time
            402      402.00000

   Energies (kJ/mol)
           Bond          Angle    Proper Dih. Per. Imp. Dih.          LJ-14
    4.83822e+02    1.15402e+03    7.76610e+03    8.27931e+01    2.30743e+03
     Coulomb-14        LJ (SR)   Coulomb (SR)   Coul. recip.      Potential
    2.22413e+04    6.93663e+04   -7.66232e+05    3.50080e+03   -6.59329e+05
 Pressure (bar)
    1.18118e+04

           Step           Time
            403      403.00000

           Step           Time
            404      404.00000

   Energies (kJ/mol)
           Bond          Angle    Proper Dih. Per. Imp. Dih.          LJ-14
    4.05465e+02    1.14538e+03    7.76600e+03    8.26393e+01    2.30704e+03
     Coulomb-14        LJ (SR)   Coulomb (SR)   Coul. recip.      Potential
    2.22411e+04    6.93885e+04   -7.66286e+05    3.50031e+03   -6.59450e+05
 Pressure (bar)
    1.18161e+04

           Step           Time
            405      405.00000

   Energies (kJ/mol)
           Bond          Angle    Proper Dih. Per. Imp. Dih.          LJ-14
    5.28131e+02    1.15759e+03    7.76566e+03    8.27734e+01    2.30679e+03
     Coulomb-14        LJ (SR)   Coulomb (SR)   Coul. recip.      Potential
    2.22400e+04    6.95234e+04   -7.66601e+05    3.49517e+03   -6.59501e+05
 Pressure (bar)
    1.18282e+04

           Step           Time
            406      406.00000

   Energies (kJ/mol)
           Bond          Angle    Proper Dih. Per. Imp. Dih.          LJ-14
    4.22376e+02    1.14709e+03    7.76553e+03    8.25744e+01    2.30624e+03
     Coulomb-14        LJ (SR)   Coulomb (SR)   Coul. recip.      Potential
    2.22397e+04    6.95497e+04   -7.66665e+05    3.49450e+03   -6.59657e+05
 Pressure (bar)
    1.18331e+04

           Step           Time
            407      407.00000

           Step           Time
            408      408.00000

   Energies (kJ/mol)
           Bond          Angle    Proper Dih. Per. Imp. Dih.          LJ-14
    4.26802e+02    1.14783e+03    7.76547e+03    8.26799e+01    2.30626e+03
     Coulomb-14        LJ (SR)   Coulomb (SR)   Coul. recip.      Potential
    2.22394e+04    6.95864e+04   -7.66751e+05    3.49277e+03   -6.59703e+05
 Pressure (bar)
    1.18372e+04

           Step           Time
            409      409.00000

   Energies (kJ/mol)
           Bond          Angle    Proper Dih. Per. Imp. Dih.          LJ-14
    4.42854e+02    1.14915e+03    7.76532e+03    8.25360e+01    2.30587e+03
     Coulomb-14        LJ (SR)   Coulomb (SR)   Coul. recip.      Potential
    2.22390e+04    6.96282e+04   -7.66849e+05    3.49176e+03   -6.59744e+05
 Pressure (bar)
    1.18413e+04

           Step           Time
            410      410.00000

   Energies (kJ/mol)
           Bond          Angle    Proper Dih. Per. Imp. Dih.          LJ-14
    4.54005e+02    1.15096e+03    7.76526e+03    8.27029e+01    2.30597e+03
     Coulomb-14        LJ (SR)   Coulomb (SR)   Coul. recip.      Potential
    2.22388e+04    6.96645e+04   -7.66934e+05    3.48985e+03   -6.59782e+05
 Pressure (bar)
    1.18452e+04

           Step           Time
            411      411.00000

   Energies (kJ/mol)
           Bond          Angle    Proper Dih. Per. Imp. Dih.          LJ-14
    4.84500e+02    1.15355e+03    7.76510e+03    8.25060e+01    2.30549e+03
     Coulomb-14        LJ (SR)   Coulomb (SR)   Coul. recip.      Potential
    2.22384e+04    6.97069e+04   -7.67033e+05    3.48911e+03   -6.59807e+05
 Pressure (bar)
    1.18491e+04

           Step           Time
            412      412.00000

   Energies (kJ/mol)
           Bond          Angle    Proper Dih. Per. Imp. Dih.          LJ-14
    5.10755e+02    1.15736e+03    7.76505e+03    8.27692e+01    2.30572e+03
     Coulomb-14        LJ (SR)   Coulomb (SR)   Coul. recip.      Potential
    2.22381e+04    6.97423e+04   -7.67116e+05    3.48696e+03   -6.59827e+05
 Pressure (bar)
    1.18525e+04

           Step           Time
            413      413.00000

           Step           Time
            414      414.00000

   Energies (kJ/mol)
           Bond          Angle    Proper Dih. Per. Imp. Dih.          LJ-14
    4.04509e+02    1.14590e+03    7.76496e+03    8.25954e+01    2.30528e+03
     Coulomb-14        LJ (SR)   Coulomb (SR)   Coul. recip.      Potential
    2.22379e+04    6.97628e+04   -7.67166e+05    3.48648e+03   -6.59976e+05
 Pressure (bar)
    1.18572e+04

           Step           Time
            415      415.00000

   Energies (kJ/mol)
           Bond          Angle    Proper Dih. Per. Imp. Dih.          LJ-14
    5.64237e+02    1.16070e+03    7.76443e+03    8.26823e+01    2.30479e+03
     Coulomb-14        LJ (SR)   Coulomb (SR)   Coul. recip.      Potential
    2.22362e+04    6.99759e+04   -7.67658e+05    3.47886e+03   -6.60090e+05
 Pressure (bar)
    1.18772e+04

           Step           Time
            416      416.00000

   Energies (kJ/mol)
           Bond          Angle    Proper Dih. Per. Imp. Dih.          LJ-14
    4.20558e+02    1.14729e+03    7.76430e+03    8.24808e+01    2.30417e+03
     Coulomb-14        LJ (SR)   Coulomb (SR)   Coul. recip.      Potential
    2.22359e+04    7.00004e+04   -7.67719e+05    3.47808e+03   -6.60286e+05
 Pressure (bar)
    1.18824e+04

           Step           Time
            417      417.00000

           Step           Time
            418      418.00000

   Energies (kJ/mol)
           Bond          Angle    Proper Dih. Per. Imp. Dih.          LJ-14
    4.38574e+02    1.14944e+03    7.76424e+03    8.25941e+01    2.30422e+03
     Coulomb-14        LJ (SR)   Coulomb (SR)   Coul. recip.      Potential
    2.22356e+04    7.00424e+04   -7.67817e+05    3.47622e+03   -6.60324e+05
 Pressure (bar)
    1.18870e+04

           Step           Time
            419      419.00000

   Energies (kJ/mol)
           Bond          Angle    Proper Dih. Per. Imp. Dih.          LJ-14
    4.41338e+02    1.14952e+03    7.76410e+03    8.24459e+01    2.30380e+03
     Coulomb-14        LJ (SR)   Coulomb (SR)   Coul. recip.      Potential
    2.22352e+04    7.00795e+04   -7.67903e+05    3.47539e+03   -6.60372e+05
 Pressure (bar)
    1.18910e+04

           Step           Time
            420      420.00000

   Energies (kJ/mol)
           Bond          Angle    Proper Dih. Per. Imp. Dih.          LJ-14
    4.72689e+02    1.15337e+03    7.76405e+03    8.26259e+01    2.30396e+03
     Coulomb-14        LJ (SR)   Coulomb (SR)   Coul. recip.      Potential
    2.22349e+04    7.01191e+04   -7.67995e+05    3.47341e+03   -6.60391e+05
 Pressure (bar)
    1.18948e+04

           Step           Time
            421      421.00000

   Energies (kJ/mol)
           Bond          Angle    Proper Dih. Per. Imp. Dih.          LJ-14
    4.85270e+02    1.15427e+03    7.76389e+03    8.24200e+01    2.30343e+03
     Coulomb-14        LJ (SR)   Coulomb (SR)   Coul. recip.      Potential
    2.22346e+04    7.01581e+04   -7.68085e+05    3.47277e+03   -6.60431e+05
 Pressure (bar)
    1.18987e+04

           Step           Time
            422      422.00000

           Step           Time
            423      423.00000

   Energies (kJ/mol)
           Bond          Angle    Proper Dih. Per. Imp. Dih.          LJ-14
    4.05629e+02    1.14650e+03    7.76388e+03    8.25332e+01    2.30348e+03
     Coulomb-14        LJ (SR)   Coulomb (SR)   Coul. recip.      Potential
    2.22344e+04    7.01759e+04   -7.68129e+05    3.47148e+03   -6.60545e+05
 Pressure (bar)
    1.19026e+04

           Step           Time
            424      424.00000

   Energies (kJ/mol)
           Bond          Angle    Proper Dih. Per. Imp. Dih.          LJ-14
    5.28052e+02    1.15774e+03    7.76346e+03    8.23411e+01    2.30272e+03
     Coulomb-14        LJ (SR)   Coulomb (SR)   Coul. recip.      Potential
    2.22332e+04    7.03271e+04   -7.68475e+05    3.46715e+03   -6.60613e+05
 Pressure (bar)
    1.19166e+04

           Step           Time
            425      425.00000

   Energies (kJ/mol)
           Bond          Angle    Proper Dih. Per. Imp. Dih.          LJ-14
    4.18808e+02    1.14799e+03    7.76344e+03    8.25088e+01    2.30279e+03
     Coulomb-14        LJ (SR)   Coulomb (SR)   Coul. recip.      Potential
    2.22330e+04    7.03471e+04   -7.68524e+05    3.46536e+03   -6.60763e+05
 Pressure (bar)
    1.19209e+04

           Step           Time
            426      426.00000

           Step           Time
            427      427.00000

   Energies (kJ/mol)
           Bond          Angle    Proper Dih. Per. Imp. Dih.          LJ-14
    4.30625e+02    1.14865e+03    7.76332e+03    8.23954e+01    2.30246e+03
     Coulomb-14        LJ (SR)   Coulomb (SR)   Coul. recip.      Potential
    2.22326e+04    7.03881e+04   -7.68619e+05    3.46434e+03   -6.60806e+05
 Pressure (bar)
    1.19254e+04

           Step           Time
            428      428.00000

   Energies (kJ/mol)
           Bond          Angle    Proper Dih. Per. Imp. Dih.          LJ-14
    4.35726e+02    1.14987e+03    7.76327e+03    8.25177e+01    2.30253e+03
     Coulomb-14        LJ (SR)   Coulomb (SR)   Coul. recip.      Potential
    2.22323e+04    7.04234e+04   -7.68701e+05    3.46264e+03   -6.60849e+05
 Pressure (bar)
    1.19291e+04

           Step           Time
            429      429.00000

   Energies (kJ/mol)
           Bond          Angle    Proper Dih. Per. Imp. Dih.          LJ-14
    4.57482e+02    1.15154e+03    7.76312e+03    8.23632e+01    2.30210e+03
     Coulomb-14        LJ (SR)   Coulomb (SR)   Coul. recip.      Potential
    2.22320e+04    7.04648e+04   -7.68796e+05    3.46176e+03   -6.60881e+05
 Pressure (bar)
    1.19333e+04

           Step           Time
            430      430.00000

   Energies (kJ/mol)
           Bond          Angle    Proper Dih. Per. Imp. Dih.          LJ-14
    4.71188e+02    1.15384e+03    7.76309e+03    8.25560e+01    2.30230e+03
     Coulomb-14        LJ (SR)   Coulomb (SR)   Coul. recip.      Potential
    2.22317e+04    7.04996e+04   -7.68876e+05    3.45992e+03   -6.60912e+05
 Pressure (bar)
    1.19368e+04

           Step           Time
            431      431.00000

   Energies (kJ/mol)
           Bond          Angle    Proper Dih. Per. Imp. Dih.          LJ-14
    5.12125e+02    1.15745e+03    7.76291e+03    8.23380e+01    2.30174e+03
     Coulomb-14        LJ (SR)   Coulomb (SR)   Coul. recip.      Potential
    2.22314e+04    7.05417e+04   -7.68973e+05    3.45928e+03   -6.60924e+05
 Pressure (bar)
    1.19406e+04

           Step           Time
            432      432.00000

   Energies (kJ/mol)
           Bond          Angle    Proper Dih. Per. Imp. Dih.          LJ-14
    5.45436e+02    1.16222e+03    7.76291e+03    8.26489e+01    2.30212e+03
     Coulomb-14        LJ (SR)   Coulomb (SR)   Coul. recip.      Potential
    2.22310e+04    7.05755e+04   -7.69051e+05    3.45724e+03   -6.60932e+05
 Pressure (bar)
    1.19436e+04

           Step           Time
            433      433.00000

           Step           Time
            434      434.00000

   Energies (kJ/mol)
           Bond          Angle    Proper Dih. Per. Imp. Dih.          LJ-14
    4.06723e+02    1.14724e+03    7.76282e+03    8.24442e+01    2.30159e+03
     Coulomb-14        LJ (SR)   Coulomb (SR)   Coul. recip.      Potential
    2.22309e+04    7.05956e+04   -7.69100e+05    3.45674e+03   -6.61116e+05
 Pressure (bar)
    1.19491e+04

           Step           Time
            435      435.00000

   Energies (kJ/mol)
           Bond          Angle    Proper Dih. Per. Imp. Dih.          LJ-14
    6.16095e+02    1.16599e+03    7.76241e+03    8.25465e+01    2.30135e+03
     Coulomb-14        LJ (SR)   Coulomb (SR)   Coul. recip.      Potential
    2.22293e+04    7.07970e+04   -7.69556e+05    3.45002e+03   -6.61151e+05
 Pressure (bar)
    1.19703e+04

           Step           Time
            436      436.00000

   Energies (kJ/mol)
           Bond          Angle    Proper Dih. Per. Imp. Dih.          LJ-14
    4.27806e+02    1.14894e+03    7.76225e+03    8.23178e+01    2.30060e+03
     Coulomb-14        LJ (SR)   Coulomb (SR)   Coul. recip.      Potential
    2.22291e+04    7.08211e+04   -7.69616e+05    3.44913e+03   -6.61394e+05
 Pressure (bar)
    1.19763e+04

           Step           Time
            437      437.00000

           Step           Time
            438      438.00000

   Energies (kJ/mol)
           Bond          Angle    Proper Dih. Per. Imp. Dih.          LJ-14
    4.50859e+02    1.15148e+03    7.76223e+03    8.24468e+01    2.30074e+03
     Coulomb-14        LJ (SR)   Coulomb (SR)   Coul. recip.      Potential
    2.22287e+04    7.08612e+04   -7.69708e+05    3.44740e+03   -6.61423e+05
 Pressure (bar)
    1.19807e+04

           Step           Time
            439      439.00000

   Energies (kJ/mol)
           Bond          Angle    Proper Dih. Per. Imp. Dih.          LJ-14
    4.55214e+02    1.15190e+03    7.76208e+03    8.22774e+01    2.30026e+03
     Coulomb-14        LJ (SR)   Coulomb (SR)   Coul. recip.      Potential
    2.22284e+04    7.08980e+04   -7.69792e+05    3.44661e+03   -6.61467e+05
 Pressure (bar)
    1.19845e+04

           Step           Time
            440      440.00000

   Energies (kJ/mol)
           Bond          Angle    Proper Dih. Per. Imp. Dih.          LJ-14
    4.95595e+02    1.15659e+03    7.76206e+03    8.24867e+01    2.30053e+03
     Coulomb-14        LJ (SR)   Coulomb (SR)   Coul. recip.      Potential
    2.22281e+04    7.09360e+04   -7.69878e+05    3.44478e+03   -6.61472e+05
 Pressure (bar)
    1.19897e+04

           Step           Time
            441      441.00000

   Energies (kJ/mol)
           Bond          Angle    Proper Dih. Per. Imp. Dih.          LJ-14
    5.13181e+02    1.15826e+03    7.76188e+03    8.22518e+01    2.29992e+03
     Coulomb-14        LJ (SR)   Coulomb (SR)   Coul. recip.      Potential
    2.22278e+04    7.09748e+04   -7.69967e+05    3.44421e+03   -6.61505e+05
 Pressure (bar)
    1.19935e+04

           Step           Time
            442      442.00000

           Step           Time
            443      443.00000

   Energies (kJ/mol)
           Bond          Angle    Proper Dih. Per. Imp. Dih.          LJ-14
    4.07659e+02    1.14766e+03    7.76189e+03    8.23811e+01    2.30002e+03
     Coulomb-14        LJ (SR)   Coulomb (SR)   Coul. recip.      Potential
    2.22276e+04    7.09914e+04   -7.70008e+05    3.44291e+03   -6.61646e+05
 Pressure (bar)
    1.19979e+04

           Step           Time
            444      444.00000

   Energies (kJ/mol)
           Bond          Angle    Proper Dih. Per. Imp. Dih.          LJ-14
    5.69847e+02    1.16266e+03    7.76148e+03    8.21537e+01    2.29929e+03
     Coulomb-14        LJ (SR)   Coulomb (SR)   Coul. recip.      Potential
    2.22264e+04    7.11440e+04   -7.70351e+05    3.43893e+03   -6.61666e+05
 Pressure (bar)
    1.20114e+04

           Step           Time
            445      445.00000

   Energies (kJ/mol)
           Bond          Angle    Proper Dih. Per. Imp. Dih.          LJ-14
    4.24841e+02    1.14945e+03    7.76149e+03    8.23392e+01    2.29940e+03
     Coulomb-14        LJ (SR)   Coulomb (SR)   Coul. recip.      Potential
    2.22263e+04    7.11626e+04   -7.70398e+05    3.43700e+03   -6.61854e+05
 Pressure (bar)
    1.20162e+04

           Step           Time
            446      446.00000

           Step           Time
            447      447.00000

   Energies (kJ/mol)
           Bond          Angle    Proper Dih. Per. Imp. Dih.          LJ-14
    4.40783e+02    1.15052e+03    7.76135e+03    8.22139e+01    2.29904e+03
     Coulomb-14        LJ (SR)   Coulomb (SR)   Coul. recip.      Potential
    2.22260e+04    7.12032e+04   -7.70490e+05    3.43613e+03   -6.61890e+05
 Pressure (bar)
    1.20206e+04

           Step           Time
            448      448.00000

   Energies (kJ/mol)
           Bond          Angle    Proper Dih. Per. Imp. Dih.          LJ-14
    4.47066e+02    1.15187e+03    7.76132e+03    8.23537e+01    2.29919e+03
     Coulomb-14        LJ (SR)   Coulomb (SR)   Coul. recip.      Potential
    2.22257e+04    7.12371e+04   -7.70567e+05    3.43447e+03   -6.61928e+05
 Pressure (bar)
    1.20241e+04

           Step           Time
            449      449.00000

   Energies (kJ/mol)
           Bond          Angle    Proper Dih. Per. Imp. Dih.          LJ-14
    4.76292e+02    1.15440e+03    7.76116e+03    8.21805e+01    2.29871e+03
     Coulomb-14        LJ (SR)   Coulomb (SR)   Coul. recip.      Potential
    2.22254e+04    7.12781e+04   -7.70660e+05    3.43371e+03   -6.61950e+05
 Pressure (bar)
    1.20281e+04

           Step           Time
            450      450.00000

   Energies (kJ/mol)
           Bond          Angle    Proper Dih. Per. Imp. Dih.          LJ-14
    4.93842e+02    1.15708e+03    7.76115e+03    8.24039e+01    2.29901e+03
     Coulomb-14        LJ (SR)   Coulomb (SR)   Coul. recip.      Potential
    2.22250e+04    7.13113e+04   -7.70736e+05    3.43193e+03   -6.61974e+05
 Pressure (bar)
    1.20314e+04

           Step           Time
            451      451.00000

           Step           Time
            452      452.00000

   Energies (kJ/mol)
           Bond          Angle    Proper Dih. Per. Imp. Dih.          LJ-14
    4.07517e+02    1.14779e+03    7.76105e+03    8.22542e+01    2.29859e+03
     Coulomb-14        LJ (SR)   Coulomb (SR)   Coul. recip.      Potential
    2.22249e+04    7.13312e+04   -7.70783e+05    3.43144e+03   -6.62098e+05
 Pressure (bar)
    1.20357e+04

           Step           Time
            453      453.00000

   Energies (kJ/mol)
           Bond          Angle    Proper Dih. Per. Imp. Dih.          LJ-14
    5.38300e+02    1.15983e+03    7.76065e+03    8.23327e+01    2.29835e+03
     Coulomb-14        LJ (SR)   Coulomb (SR)   Coul. recip.      Potential
    2.22234e+04    7.15122e+04   -7.71190e+05    3.42545e+03   -6.62189e+05
 Pressure (bar)
    1.20531e+04

           Step           Time
            454      454.00000

   Energies (kJ/mol)
           Bond          Angle    Proper Dih. Per. Imp. Dih.          LJ-14
    4.21444e+02    1.14904e+03    7.76051e+03    8.21516e+01    2.29775e+03
     Coulomb-14        LJ (SR)   Coulomb (SR)   Coul. recip.      Potential
    2.22233e+04    7.15359e+04   -7.71246e+05    3.42469e+03   -6.62351e+05
 Pressure (bar)
    1.20578e+04

           Step           Time
            455      455.00000

           Step           Time
            456      456.00000

   Energies (kJ/mol)
           Bond          Angle    Proper Dih. Per. Imp. Dih.          LJ-14
    4.34498e+02    1.15047e+03    7.76045e+03    8.22466e+01    2.29785e+03
     Coulomb-14        LJ (SR)   Coulomb (SR)   Coul. recip.      Potential
    2.22229e+04    7.15747e+04   -7.71334e+05    3.42313e+03   -6.62388e+05
 Pressure (bar)
    1.20621e+04

           Step           Time
            457      457.00000

   Energies (kJ/mol)
           Bond          Angle    Proper Dih. Per. Imp. Dih.          LJ-14
    4.39358e+02    1.15099e+03    7.76030e+03    8.21118e+01    2.29744e+03
     Coulomb-14        LJ (SR)   Coulomb (SR)   Coul. recip.      Potential
    2.22227e+04    7.16107e+04   -7.71416e+05    3.42230e+03   -6.62430e+05
 Pressure (bar)
    1.20660e+04

           Step           Time
            458      458.00000

   Energies (kJ/mol)
           Bond          Angle    Proper Dih. Per. Imp. Dih.          LJ-14
    4.62658e+02    1.15369e+03    7.76026e+03    8.22640e+01    2.29764e+03
     Coulomb-14        LJ (SR)   Coulomb (SR)   Coul. recip.      Potential
    2.22223e+04    7.16477e+04   -7.71499e+05    3.42064e+03   -6.62452e+05
 Pressure (bar)
    1.20697e+04

           Step           Time
            459      459.00000

   Energies (kJ/mol)
           Bond          Angle    Proper Dih. Per. Imp. Dih.          LJ-14
    4.76965e+02    1.15511e+03    7.76008e+03    8.20818e+01    2.29712e+03
     Coulomb-14        LJ (SR)   Coulomb (SR)   Coul. recip.      Potential
    2.22221e+04    7.16853e+04   -7.71584e+05    3.41996e+03   -6.62485e+05
 Pressure (bar)
    1.20735e+04

           Step           Time
            460      460.00000

           Step           Time
            461      461.00000

   Energies (kJ/mol)
           Bond          Angle    Proper Dih. Per. Imp. Dih.          LJ-14
    4.07755e+02    1.14816e+03    7.76007e+03    8.21772e+01    2.29722e+03
     Coulomb-14        LJ (SR)   Coulomb (SR)   Coul. recip.      Potential
    2.22219e+04    7.17020e+04   -7.71624e+05    3.41888e+03   -6.62586e+05
 Pressure (bar)
    1.20770e+04

           Step           Time
            462      462.00000

   Energies (kJ/mol)
           Bond          Angle    Proper Dih. Per. Imp. Dih.          LJ-14
    5.13536e+02    1.15805e+03    7.75956e+03    8.19891e+01    2.29648e+03
     Coulomb-14        LJ (SR)   Coulomb (SR)   Coul. recip.      Potential
    2.22207e+04    7.18603e+04   -7.71978e+05    3.41450e+03   -6.62673e+05
 Pressure (bar)
    1.20924e+04

           Step           Time
            463      463.00000

   Energies (kJ/mol)
           Bond          Angle    Proper Dih. Per. Imp. Dih.          LJ-14
    4.18307e+02    1.14930e+03    7.75954e+03    8.21294e+01    2.29660e+03
     Coulomb-14        LJ (SR)   Coulomb (SR)   Coul. recip.      Potential
    2.22205e+04    7.18792e+04   -7.72024e+05    3.41295e+03   -6.62805e+05
 Pressure (bar)
    1.20964e+04

           Step           Time
            464      464.00000

           Step           Time
            465      465.00000

   Energies (kJ/mol)
           Bond          Angle    Proper Dih. Per. Imp. Dih.          LJ-14
    4.30261e+02    1.15026e+03    7.75938e+03    8.20307e+01    2.29628e+03
     Coulomb-14        LJ (SR)   Coulomb (SR)   Coul. recip.      Potential
    2.22202e+04    7.19195e+04   -7.72114e+05    3.41197e+03   -6.62844e+05
 Pressure (bar)
    1.21008e+04

           Step           Time
            466      466.00000

   Energies (kJ/mol)
           Bond          Angle    Proper Dih. Per. Imp. Dih.          LJ-14
    4.32117e+02    1.15085e+03    7.75932e+03    8.21335e+01    2.29639e+03
     Coulomb-14        LJ (SR)   Coulomb (SR)   Coul. recip.      Potential
    2.22199e+04    7.19522e+04   -7.72188e+05    3.41051e+03   -6.62885e+05
 Pressure (bar)
    1.21043e+04

           Step           Time
            467      467.00000

   Energies (kJ/mol)
           Bond          Angle    Proper Dih. Per. Imp. Dih.          LJ-14
    4.53407e+02    1.15285e+03    7.75913e+03    8.19979e+01    2.29597e+03
     Coulomb-14        LJ (SR)   Coulomb (SR)   Coul. recip.      Potential
    2.22197e+04    7.19924e+04   -7.72278e+05    3.40965e+03   -6.62913e+05
 Pressure (bar)
    1.21084e+04

           Step           Time
            468      468.00000

   Energies (kJ/mol)
           Bond          Angle    Proper Dih. Per. Imp. Dih.          LJ-14
    4.61377e+02    1.15413e+03    7.75908e+03    8.21585e+01    2.29621e+03
     Coulomb-14        LJ (SR)   Coulomb (SR)   Coul. recip.      Potential
    2.22193e+04    7.20248e+04   -7.72352e+05    3.40809e+03   -6.62946e+05
 Pressure (bar)
    1.21119e+04

           Step           Time
            469      469.00000

   Energies (kJ/mol)
           Bond          Angle    Proper Dih. Per. Imp. Dih.          LJ-14
    5.00259e+02    1.15806e+03    7.75885e+03    8.19691e+01    2.29566e+03
     Coulomb-14        LJ (SR)   Coulomb (SR)   Coul. recip.      Potential
    2.22191e+04    7.20654e+04   -7.72442e+05    3.40740e+03   -6.62955e+05
 Pressure (bar)
    1.21156e+04

           Step           Time
            470      470.00000

   Energies (kJ/mol)
           Bond          Angle    Proper Dih. Per. Imp. Dih.          LJ-14
    5.23037e+02    1.16107e+03    7.75883e+03    8.22247e+01    2.29608e+03
     Coulomb-14        LJ (SR)   Coulomb (SR)   Coul. recip.      Potential
    2.22187e+04    7.20972e+04   -7.72514e+05    3.40569e+03   -6.62971e+05
 Pressure (bar)
    1.21186e+04

           Step           Time
            471      471.00000

           Step           Time
            472      472.00000

   Energies (kJ/mol)
           Bond          Angle    Proper Dih. Per. Imp. Dih.          LJ-14
    4.09297e+02    1.14905e+03    7.75870e+03    8.20547e+01    2.29558e+03
     Coulomb-14        LJ (SR)   Coulomb (SR)   Coul. recip.      Potential
    2.22186e+04    7.21165e+04   -7.72560e+05    3.40519e+03   -6.63125e+05
 Pressure (bar)
    1.21234e+04

           Step           Time
            473      473.00000

   Energies (kJ/mol)
           Bond          Angle    Proper Dih. Per. Imp. Dih.          LJ-14
    5.82001e+02    1.16448e+03    7.75810e+03    8.21470e+01    2.29552e+03
     Coulomb-14        LJ (SR)   Coulomb (SR)   Coul. recip.      Potential
    2.22173e+04    7.22878e+04   -7.72939e+05    3.39980e+03   -6.63152e+05
 Pressure (bar)
    1.21389e+04

           Step           Time
            474      474.00000

   Energies (kJ/mol)
           Bond          Angle    Proper Dih. Per. Imp. Dih.          LJ-14
    4.27756e+02    1.15079e+03    7.75789e+03    8.19462e+01    2.29481e+03
     Coulomb-14        LJ (SR)   Coulomb (SR)   Coul. recip.      Potential
    2.22171e+04    7.23108e+04   -7.72995e+05    3.39899e+03   -6.63354e+05
 Pressure (bar)
    1.21442e+04

           Step           Time
            475      475.00000

           Step           Time
            476      476.00000

   Energies (kJ/mol)
           Bond          Angle    Proper Dih. Per. Imp. Dih.          LJ-14
    4.44667e+02    1.15234e+03    7.75779e+03    8.20492e+01    2.29498e+03
     Coulomb-14        LJ (SR)   Coulomb (SR)   Coul. recip.      Potential
    2.22168e+04    7.23479e+04   -7.73078e+05    3.39749e+03   -6.63384e+05
 Pressure (bar)
    1.21484e+04

           Step           Time
            477      477.00000

   Energies (kJ/mol)
           Bond          Angle    Proper Dih. Per. Imp. Dih.          LJ-14
    4.51530e+02    1.15345e+03    7.75756e+03    8.18992e+01    2.29452e+03
     Coulomb-14        LJ (SR)   Coulomb (SR)   Coul. recip.      Potential
    2.22165e+04    7.23835e+04   -7.73158e+05    3.39674e+03   -6.63422e+05
 Pressure (bar)
    1.21521e+04

           Step           Time
            478      478.00000

   Energies (kJ/mol)
           Bond          Angle    Proper Dih. Per. Imp. Dih.          LJ-14
    4.81914e+02    1.15659e+03    7.75748e+03    8.20685e+01    2.29482e+03
     Coulomb-14        LJ (SR)   Coulomb (SR)   Coul. recip.      Potential
    2.22162e+04    7.24189e+04   -7.73237e+05    3.39514e+03   -6.63434e+05
 Pressure (bar)
    1.21556e+04

           Step           Time
            479      479.00000

   Energies (kJ/mol)
           Bond          Angle    Proper Dih. Per. Imp. Dih.          LJ-14
    5.01485e+02    1.15912e+03    7.75719e+03    8.18644e+01    2.29422e+03
     Coulomb-14        LJ (SR)   Coulomb (SR)   Coul. recip.      Potential
    2.22160e+04    7.24562e+04   -7.73320e+05    3.39456e+03   -6.63459e+05
 Pressure (bar)
    1.21592e+04

           Step           Time
            480      480.00000

           Step           Time
            481      481.00000

   Energies (kJ/mol)
           Bond          Angle    Proper Dih. Per. Imp. Dih.          LJ-14
    4.09312e+02    1.14946e+03    7.75716e+03    8.19697e+01    2.29435e+03
     Coulomb-14        LJ (SR)   Coulomb (SR)   Coul. recip.      Potential
    2.22158e+04    7.24719e+04   -7.73358e+05    3.39347e+03   -6.63584e+05
 Pressure (bar)
    1.21632e+04

           Step           Time
            482      482.00000

   Energies (kJ/mol)
           Bond          Angle    Proper Dih. Per. Imp. Dih.          LJ-14
    5.50341e+02    1.16294e+03    7.75625e+03    8.17478e+01    2.29364e+03
     Coulomb-14        LJ (SR)   Coulomb (SR)   Coul. recip.      Potential
    2.22146e+04    7.26323e+04   -7.73712e+05    3.38930e+03   -6.63630e+05
 Pressure (bar)
    1.21781e+04

           Step           Time
            483      483.00000

   Energies (kJ/mol)
           Bond          Angle    Proper Dih. Per. Imp. Dih.          LJ-14
    4.23269e+02    1.15087e+03    7.75619e+03    8.18984e+01    2.29379e+03
     Coulomb-14        LJ (SR)   Coulomb (SR)   Coul. recip.      Potential
    2.22144e+04    7.26499e+04   -7.73755e+05    3.38765e+03   -6.63797e+05
 Pressure (bar)
    1.21825e+04

           Step           Time
            484      484.00000

           Step           Time
            485      485.00000

   Energies (kJ/mol)
           Bond          Angle    Proper Dih. Per. Imp. Dih.          LJ-14
    4.39283e+02    1.15246e+03    7.75592e+03    8.17937e+01    2.29344e+03
     Coulomb-14        LJ (SR)   Coulomb (SR)   Coul. recip.      Potential
    2.22141e+04    7.26898e+04   -7.73844e+05    3.38676e+03   -6.63830e+05
 Pressure (bar)
    1.21869e+04

           Step           Time
            486      486.00000

   Energies (kJ/mol)
           Bond          Angle    Proper Dih. Per. Imp. Dih.          LJ-14
    4.41607e+02    1.15291e+03    7.75577e+03    8.19045e+01    2.29361e+03
     Coulomb-14        LJ (SR)   Coulomb (SR)   Coul. recip.      Potential
    2.22138e+04    7.27210e+04   -7.73914e+05    3.38532e+03   -6.63868e+05
 Pressure (bar)
    1.21902e+04

           Step           Time
            487      487.00000

   Energies (kJ/mol)
           Bond          Angle    Proper Dih. Per. Imp. Dih.          LJ-14
    4.70142e+02    1.15607e+03    7.75545e+03    8.17590e+01    2.29316e+03
     Coulomb-14        LJ (SR)   Coulomb (SR)   Coul. recip.      Potential
    2.22136e+04    7.27608e+04   -7.74002e+05    3.38457e+03   -6.63886e+05
 Pressure (bar)
    1.21941e+04

           Step           Time
            488      488.00000

   Energies (kJ/mol)
           Bond          Angle    Proper Dih. Per. Imp. Dih.          LJ-14
    4.80568e+02    1.15726e+03    7.75532e+03    8.19357e+01    2.29347e+03
     Coulomb-14        LJ (SR)   Coulomb (SR)   Coul. recip.      Potential
    2.22133e+04    7.27918e+04   -7.74072e+05    3.38302e+03   -6.63916e+05
 Pressure (bar)
    1.21974e+04

           Step           Time
            489      489.00000

           Step           Time
            490      490.00000

   Energies (kJ/mol)
           Bond          Angle    Proper Dih. Per. Imp. Dih.          LJ-14
    4.09929e+02    1.15005e+03    7.75513e+03    8.18133e+01    2.29308e+03
     Coulomb-14        LJ (SR)   Coulomb (SR)   Coul. recip.      Potential
    2.22131e+04    7.28109e+04   -7.74116e+05    3.38256e+03   -6.64020e+05
 Pressure (bar)
    1.22012e+04

           Step           Time
            491      491.00000

   Energies (kJ/mol)
           Bond          Angle    Proper Dih. Per. Imp. Dih.          LJ-14
    5.17847e+02    1.15979e+03    7.75412e+03    8.18723e+01    2.29299e+03
     Coulomb-14        LJ (SR)   Coulomb (SR)   Coul. recip.      Potential
    2.22119e+04    7.29591e+04   -7.74444e+05    3.37787e+03   -6.64088e+05
 Pressure (bar)
    1.22155e+04

           Step           Time
            492      492.00000

   Energies (kJ/mol)
           Bond          Angle    Proper Dih. Per. Imp. Dih.          LJ-14
    4.22490e+02    1.15154e+03    7.75384e+03    8.17197e+01    2.29243e+03
     Coulomb-14        LJ (SR)   Coulomb (SR)   Coul. recip.      Potential
    2.22118e+04    7.29819e+04   -7.74496e+05    3.37720e+03   -6.64223e+05
 Pressure (bar)
    1.22198e+04

           Step           Time
            493      493.00000

           Step           Time
            494      494.00000

   Energies (kJ/mol)
           Bond          Angle    Proper Dih. Per. Imp. Dih.          LJ-14
    4.31183e+02    1.15208e+03    7.75362e+03    8.17896e+01    2.29255e+03
     Coulomb-14        LJ (SR)   Coulomb (SR)   Coul. recip.      Potential
    2.22115e+04    7.30170e+04   -7.74575e+05    3.37586e+03   -6.64259e+05
 Pressure (bar)
    1.22238e+04

           Step           Time
            495      495.00000

   Energies (kJ/mol)
           Bond          Angle    Proper Dih. Per. Imp. Dih.          LJ-14
    4.38386e+02    1.15342e+03    7.75326e+03    8.16728e+01    2.29216e+03
     Coulomb-14        LJ (SR)   Coulomb (SR)   Coul. recip.      Potential
    2.22113e+04    7.30524e+04   -7.74653e+05    3.37503e+03   -6.64296e+05
 Pressure (bar)
    1.22275e+04

           Step           Time
            496      496.00000

   Energies (kJ/mol)
           Bond          Angle    Proper Dih. Per. Imp. Dih.          LJ-14
    4.54636e+02    1.15476e+03    7.75304e+03    8.17892e+01    2.29238e+03
     Coulomb-14        LJ (SR)   Coulomb (SR)   Coul. recip.      Potential
    2.22109e+04    7.30863e+04   -7.74729e+05    3.37361e+03   -6.64322e+05
 Pressure (bar)
    1.22310e+04

           Step           Time
            497      497.00000

   Energies (kJ/mol)
           Bond          Angle    Proper Dih. Per. Imp. Dih.          LJ-14
    4.71438e+02    1.15730e+03    7.75263e+03    8.16348e+01    2.29188e+03
     Coulomb-14        LJ (SR)   Coulomb (SR)   Coul. recip.      Potential
    2.22107e+04    7.31229e+04   -7.74810e+05    3.37293e+03   -6.64348e+05
 Pressure (bar)
    1.22347e+04

           Step           Time
            498      498.00000

   Energies (kJ/mol)
           Bond          Angle    Proper Dih. Per. Imp. Dih.          LJ-14
    5.02943e+02    1.16014e+03    7.75243e+03    8.18205e+01    2.29225e+03
     Coulomb-14        LJ (SR)   Coulomb (SR)   Coul. recip.      Potential
    2.22104e+04    7.31554e+04   -7.74883e+05    3.37140e+03   -6.64356e+05
 Pressure (bar)
    1.22377e+04

           Step           Time
            499      499.00000

   Energies (kJ/mol)
           Bond          Angle    Proper Dih. Per. Imp. Dih.          LJ-14
    5.40061e+02    1.16538e+03    7.75196e+03    8.16048e+01    2.29159e+03
     Coulomb-14        LJ (SR)   Coulomb (SR)   Coul. recip.      Potential
    2.22101e+04    7.31935e+04   -7.74966e+05    3.37094e+03   -6.64360e+05
 Pressure (bar)
    1.22411e+04

           Step           Time
            500      500.00000

           Step           Time
            501      501.00000

   Energies (kJ/mol)
           Bond          Angle    Proper Dih. Per. Imp. Dih.          LJ-14
    4.10299e+02    1.15119e+03    7.75188e+03    8.17156e+01    2.29174e+03
     Coulomb-14        LJ (SR)   Coulomb (SR)   Coul. recip.      Potential
    2.22100e+04    7.32075e+04   -7.75001e+05    3.36974e+03   -6.64527e+05
 Pressure (bar)
    1.22458e+04

           Step           Time
            502      502.00000

   Energies (kJ/mol)
           Bond          Angle    Proper Dih. Per. Imp. Dih.          LJ-14
    6.07090e+02    1.17001e+03    7.74993e+03    8.14370e+01    2.29097e+03
     Coulomb-14        LJ (SR)   Coulomb (SR)   Coul. recip.      Potential
    2.22086e+04    7.33999e+04   -7.75420e+05    3.36511e+03   -6.64547e+05
 Pressure (bar)
    1.22631e+04

           Step           Time
            503      503.00000

   Energies (kJ/mol)
           Bond          Angle    Proper Dih. Per. Imp. Dih.          LJ-14
    4.27876e+02    1.15259e+03    7.74980e+03    8.15890e+01    2.29110e+03
     Coulomb-14        LJ (SR)   Coulomb (SR)   Coul. recip.      Potential
    2.22084e+04    7.34156e+04   -7.75461e+05    3.36319e+03   -6.64771e+05
 Pressure (bar)
    1.22681e+04

           Step           Time
            504      504.00000

           Step           Time
            505      505.00000

   Energies (kJ/mol)
           Bond          Angle    Proper Dih. Per. Imp. Dih.          LJ-14
    4.54141e+02    1.15578e+03    7.74931e+03    8.14878e+01    2.29073e+03
     Coulomb-14        LJ (SR)   Coulomb (SR)   Coul. recip.      Potential
    2.22080e+04    7.34568e+04   -7.75552e+05    3.36237e+03   -6.64793e+05
 Pressure (bar)
    1.22726e+04

           Step           Time
            506      506.00000

   Energies (kJ/mol)
           Bond          Angle    Proper Dih. Per. Imp. Dih.          LJ-14
    4.51503e+02    1.15529e+03    7.74905e+03    8.16016e+01    2.29095e+03
     Coulomb-14        LJ (SR)   Coulomb (SR)   Coul. recip.      Potential
    2.22078e+04    7.34854e+04   -7.75617e+05    3.36099e+03   -6.64834e+05
 Pressure (bar)
    1.22758e+04

           Step           Time
            507      507.00000

           Step           Time
            508      508.00000

   Energies (kJ/mol)
           Bond          Angle    Proper Dih. Per. Imp. Dih.          LJ-14
    4.11333e+02    1.15150e+03    7.74879e+03    8.15169e+01    2.29065e+03
     Coulomb-14        LJ (SR)   Coulomb (SR)   Coul. recip.      Potential
    2.22076e+04    7.35051e+04   -7.75661e+05    3.36055e+03   -6.64904e+05
 Pressure (bar)
    1.22790e+04

           Step           Time
            509      509.00000

   Energies (kJ/mol)
           Bond          Angle    Proper Dih. Per. Imp. Dih.          LJ-14
    4.74559e+02    1.15709e+03    7.74765e+03    8.15674e+01    2.29060e+03
     Coulomb-14        LJ (SR)   Coulomb (SR)   Coul. recip.      Potential
    2.22067e+04    7.36096e+04   -7.75892e+05    3.35722e+03   -6.64966e+05
 Pressure (bar)
    1.22895e+04

           Step           Time
            510      510.00000

   Energies (kJ/mol)
           Bond          Angle    Proper Dih. Per. Imp. Dih.          LJ-14
    4.20862e+02    1.15288e+03    7.74730e+03    8.14533e+01    2.29017e+03
     Coulomb-14        LJ (SR)   Coulomb (SR)   Coul. recip.      Potential
    2.22066e+04    7.36329e+04   -7.75943e+05    3.35667e+03   -6.65055e+05
 Pressure (bar)
    1.22931e+04

           Step           Time
            511      511.00000

           Step           Time
            512      512.00000

   Energies (kJ/mol)
           Bond          Angle    Proper Dih. Per. Imp. Dih.          LJ-14
    4.21669e+02    1.15239e+03    7.74698e+03    8.15008e+01    2.29024e+03
     Coulomb-14        LJ (SR)   Coulomb (SR)   Coul. recip.      Potential
    2.22063e+04    7.36633e+04   -7.76011e+05    3.35554e+03   -6.65094e+05
 Pressure (bar)
    1.22966e+04

           Step           Time
            513      513.00000

   Energies (kJ/mol)
           Bond          Angle    Proper Dih. Per. Imp. Dih.          LJ-14
    4.32348e+02    1.15427e+03    7.74648e+03    8.14109e+01    2.28991e+03
     Coulomb-14        LJ (SR)   Coulomb (SR)   Coul. recip.      Potential
    2.22060e+04    7.37013e+04   -7.76095e+05    3.35464e+03   -6.65128e+05
 Pressure (bar)
    1.23005e+04

           Step           Time
            514      514.00000

   Energies (kJ/mol)
           Bond          Angle    Proper Dih. Per. Imp. Dih.          LJ-14
    4.35730e+02    1.15391e+03    7.74616e+03    8.14890e+01    2.29005e+03
     Coulomb-14        LJ (SR)   Coulomb (SR)   Coul. recip.      Potential
    2.22058e+04    7.37317e+04   -7.76163e+05    3.35340e+03   -6.65165e+05
 Pressure (bar)
    1.23040e+04

           Step           Time
            515      515.00000

   Energies (kJ/mol)
           Bond          Angle    Proper Dih. Per. Imp. Dih.          LJ-14
    4.55537e+02    1.15709e+03    7.74563e+03    8.13720e+01    2.28964e+03
     Coulomb-14        LJ (SR)   Coulomb (SR)   Coul. recip.      Potential
    2.22055e+04    7.37697e+04   -7.76246e+05    3.35266e+03   -6.65188e+05
 Pressure (bar)
    1.23077e+04

           Step           Time
            516      516.00000

   Energies (kJ/mol)
           Bond          Angle    Proper Dih. Per. Imp. Dih.          LJ-14
    4.65382e+02    1.15710e+03    7.74535e+03    8.14954e+01    2.28989e+03
     Coulomb-14        LJ (SR)   Coulomb (SR)   Coul. recip.      Potential
    2.22052e+04    7.37997e+04   -7.76313e+05    3.35131e+03   -6.65218e+05
 Pressure (bar)
    1.23110e+04

           Step           Time
            517      517.00000

   Energies (kJ/mol)
           Bond          Angle    Proper Dih. Per. Imp. Dih.          LJ-14
    5.02763e+02    1.16277e+03    7.74477e+03    8.13381e+01    2.28937e+03
     Coulomb-14        LJ (SR)   Coulomb (SR)   Coul. recip.      Potential
    2.22049e+04    7.38381e+04   -7.76396e+05    3.35077e+03   -6.65221e+05
 Pressure (bar)
    1.23144e+04

           Step           Time
            518      518.00000

   Energies (kJ/mol)
           Bond          Angle    Proper Dih. Per. Imp. Dih.          LJ-14
    5.27831e+02    1.16394e+03    7.74452e+03    8.15366e+01    2.28978e+03
     Coulomb-14        LJ (SR)   Coulomb (SR)   Coul. recip.      Potential
    2.22046e+04    7.38674e+04   -7.76463e+05    3.34925e+03   -6.65234e+05
 Pressure (bar)
    1.23172e+04

           Step           Time
            519      519.00000

           Step           Time
            520      520.00000

   Energies (kJ/mol)
           Bond          Angle    Proper Dih. Per. Imp. Dih.          LJ-14
    4.11978e+02    1.15283e+03    7.74421e+03    8.13977e+01    2.28930e+03
     Coulomb-14        LJ (SR)   Coulomb (SR)   Coul. recip.      Potential
    2.22045e+04    7.38857e+04   -7.76505e+05    3.34881e+03   -6.65386e+05
 Pressure (bar)
    1.23219e+04

           Step           Time
            521      521.00000

           Step           Time
            522      522.00000

   Energies (kJ/mol)
           Bond          Angle    Proper Dih. Per. Imp. Dih.          LJ-14
    4.45039e+02    1.15443e+03    7.74332e+03    8.14079e+01    2.28925e+03
     Coulomb-14        LJ (SR)   Coulomb (SR)   Coul. recip.      Potential
    2.22039e+04    7.39622e+04   -7.76673e+05    3.34648e+03   -6.65447e+05
 Pressure (bar)
    1.23299e+04

           Step           Time
            523      523.00000

   Energies (kJ/mol)
           Bond          Angle    Proper Dih. Per. Imp. Dih.          LJ-14
    4.19309e+02    1.15337e+03    7.74296e+03    8.13199e+01    2.28892e+03
     Coulomb-14        LJ (SR)   Coulomb (SR)   Coul. recip.      Potential
    2.22037e+04    7.39868e+04   -7.76727e+05    3.34589e+03   -6.65504e+05
 Pressure (bar)
    1.23328e+04

           Step           Time
            524      524.00000

   Energies (kJ/mol)
           Bond          Angle    Proper Dih. Per. Imp. Dih.          LJ-14
    4.69036e+02    1.15718e+03    7.74239e+03    8.13900e+01    2.28904e+03
     Coulomb-14        LJ (SR)   Coulomb (SR)   Coul. recip.      Potential
    2.22033e+04    7.40389e+04   -7.76842e+05    3.34412e+03   -6.65517e+05
 Pressure (bar)
    1.23378e+04

           Step           Time
            525      525.00000

   Energies (kJ/mol)
           Bond          Angle    Proper Dih. Per. Imp. Dih.          LJ-14
    4.37463e+02    1.15575e+03    7.74197e+03    8.12694e+01    2.28861e+03
     Coulomb-14        LJ (SR)   Coulomb (SR)   Coul. recip.      Potential
    2.22031e+04    7.40665e+04   -7.76902e+05    3.34362e+03   -6.65584e+05
 Pressure (bar)
    1.23414e+04

           Step           Time
            526      526.00000

           Step           Time
            527      527.00000

   Energies (kJ/mol)
           Bond          Angle    Proper Dih. Per. Imp. Dih.          LJ-14
    4.16525e+02    1.15258e+03    7.74176e+03    8.13184e+01    2.28870e+03
     Coulomb-14        LJ (SR)   Coulomb (SR)   Coul. recip.      Potential
    2.22029e+04    7.40873e+04   -7.76950e+05    3.34269e+03   -6.65636e+05
 Pressure (bar)
    1.23444e+04

           Step           Time
            528      528.00000

   Energies (kJ/mol)
           Bond          Angle    Proper Dih. Per. Imp. Dih.          LJ-14
    4.56872e+02    1.15781e+03    7.74099e+03    8.12137e+01    2.28832e+03
     Coulomb-14        LJ (SR)   Coulomb (SR)   Coul. recip.      Potential
    2.22024e+04    7.41466e+04   -7.77078e+05    3.34141e+03   -6.65662e+05
 Pressure (bar)
    1.23501e+04

           Step           Time
            529      529.00000

   Energies (kJ/mol)
           Bond          Angle    Proper Dih. Per. Imp. Dih.          LJ-14
    4.29140e+02    1.15376e+03    7.74078e+03    8.12929e+01    2.28845e+03
     Coulomb-14        LJ (SR)   Coulomb (SR)   Coul. recip.      Potential
    2.22022e+04    7.41690e+04   -7.77130e+05    3.34025e+03   -6.65725e+05
 Pressure (bar)
    1.23533e+04

           Step           Time
            530      530.00000

           Step           Time
            531      531.00000

   Energies (kJ/mol)
           Bond          Angle    Proper Dih. Per. Imp. Dih.          LJ-14
    4.16127e+02    1.15314e+03    7.74045e+03    8.12267e+01    2.28821e+03
     Coulomb-14        LJ (SR)   Coulomb (SR)   Coul. recip.      Potential
    2.22020e+04    7.41937e+04   -7.77184e+05    3.33976e+03   -6.65769e+05
 Pressure (bar)
    1.23563e+04

           Step           Time
            532      532.00000

   Energies (kJ/mol)
           Bond          Angle    Proper Dih. Per. Imp. Dih.          LJ-14
    4.42368e+02    1.15480e+03    7.73991e+03    8.12713e+01    2.28824e+03
     Coulomb-14        LJ (SR)   Coulomb (SR)   Coul. recip.      Potential
    2.22017e+04    7.42430e+04   -7.77293e+05    3.33809e+03   -6.65803e+05
 Pressure (bar)
    1.23613e+04

           Step           Time
            533      533.00000

   Energies (kJ/mol)
           Bond          Angle    Proper Dih. Per. Imp. Dih.          LJ-14
    4.26915e+02    1.15457e+03    7.73952e+03    8.11845e+01    2.28792e+03
     Coulomb-14        LJ (SR)   Coulomb (SR)   Coul. recip.      Potential
    2.22014e+04    7.42706e+04   -7.77352e+05    3.33758e+03   -6.65853e+05
 Pressure (bar)
    1.23647e+04

           Step           Time
            534      534.00000

   Energies (kJ/mol)
           Bond          Angle    Proper Dih. Per. Imp. Dih.          LJ-14
    4.67645e+02    1.15724e+03    7.73912e+03    8.12652e+01    2.28806e+03
     Coulomb-14        LJ (SR)   Coulomb (SR)   Coul. recip.      Potential
    2.22011e+04    7.43118e+04   -7.77444e+05    3.33606e+03   -6.65862e+05
 Pressure (bar)
    1.23685e+04

           Step           Time
            535      535.00000

   Energies (kJ/mol)
           Bond          Angle    Proper Dih. Per. Imp. Dih.          LJ-14
    4.51799e+02    1.15778e+03    7.73868e+03    8.11480e+01    2.28763e+03
     Coulomb-14        LJ (SR)   Coulomb (SR)   Coul. recip.      Potential
    2.22008e+04    7.43420e+04   -7.77509e+05    3.33564e+03   -6.65914e+05
 Pressure (bar)
    1.23722e+04

           Step           Time
            536      536.00000

           Step           Time
            537      537.00000

   Energies (kJ/mol)
           Bond          Angle    Proper Dih. Per. Imp. Dih.          LJ-14
    4.14526e+02    1.15262e+03    7.73853e+03    8.12005e+01    2.28771e+03
     Coulomb-14        LJ (SR)   Coulomb (SR)   Coul. recip.      Potential
    2.22007e+04    7.43597e+04   -7.77550e+05    3.33473e+03   -6.65981e+05
 Pressure (bar)
    1.23751e+04

           Step           Time
            538      538.00000

   Energies (kJ/mol)
           Bond          Angle    Proper Dih. Per. Imp. Dih.          LJ-14
    4.77665e+02    1.16034e+03    7.73755e+03    8.10852e+01    2.28728e+03
     Coulomb-14        LJ (SR)   Coulomb (SR)   Coul. recip.      Potential
    2.22000e+04    7.44420e+04   -7.77728e+05    3.33296e+03   -6.66009e+05
 Pressure (bar)
    1.23829e+04

           Step           Time
            539      539.00000

   Energies (kJ/mol)
           Bond          Angle    Proper Dih. Per. Imp. Dih.          LJ-14
    4.26283e+02    1.15355e+03    7.73741e+03    8.11661e+01    2.28739e+03
     Coulomb-14        LJ (SR)   Coulomb (SR)   Coul. recip.      Potential
    2.21999e+04    7.44614e+04   -7.77774e+05    3.33177e+03   -6.66095e+05
 Pressure (bar)
    1.23862e+04

           Step           Time
            540      540.00000

           Step           Time
            541      541.00000

   Energies (kJ/mol)
           Bond          Angle    Proper Dih. Per. Imp. Dih.          LJ-14
    4.22289e+02    1.15405e+03    7.73705e+03    8.11010e+01    2.28715e+03
     Coulomb-14        LJ (SR)   Coulomb (SR)   Coul. recip.      Potential
    2.21996e+04    7.44908e+04   -7.77837e+05    3.33124e+03   -6.66134e+05
 Pressure (bar)
    1.23897e+04

           Step           Time
            542      542.00000

   Energies (kJ/mol)
           Bond          Angle    Proper Dih. Per. Imp. Dih.          LJ-14
    4.39626e+02    1.15458e+03    7.73671e+03    8.11528e+01    2.28720e+03
     Coulomb-14        LJ (SR)   Coulomb (SR)   Coul. recip.      Potential
    2.21994e+04    7.45276e+04   -7.77919e+05    3.32988e+03   -6.66163e+05
 Pressure (bar)
    1.23934e+04

           Step           Time
            543      543.00000

   Energies (kJ/mol)
           Bond          Angle    Proper Dih. Per. Imp. Dih.          LJ-14
    4.37782e+02    1.15607e+03    7.73632e+03    8.10670e+01    2.28688e+03
     Coulomb-14        LJ (SR)   Coulomb (SR)   Coul. recip.      Potential
    2.21991e+04    7.45591e+04   -7.77986e+05    3.32940e+03   -6.66201e+05
 Pressure (bar)
    1.23970e+04

           Step           Time
            544      544.00000

   Energies (kJ/mol)
           Bond          Angle    Proper Dih. Per. Imp. Dih.          LJ-14
    4.66184e+02    1.15709e+03    7.73603e+03    8.11530e+01    2.28703e+03
     Coulomb-14        LJ (SR)   Coulomb (SR)   Coul. recip.      Potential
    2.21989e+04    7.45930e+04   -7.78063e+05    3.32799e+03   -6.66216e+05
 Pressure (bar)
    1.24002e+04

           Step           Time
            545      545.00000

   Energies (kJ/mol)
           Bond          Angle    Proper Dih. Per. Imp. Dih.          LJ-14
    4.71219e+02    1.16032e+03    7.73561e+03    8.10384e+01    2.28662e+03
     Coulomb-14        LJ (SR)   Coulomb (SR)   Coul. recip.      Potential
    2.21986e+04    7.46264e+04   -7.78133e+05    3.32768e+03   -6.66246e+05
 Pressure (bar)
    1.24038e+04

           Step           Time
            546      546.00000

           Step           Time
            547      547.00000

   Energies (kJ/mol)
           Bond          Angle    Proper Dih. Per. Imp. Dih.          LJ-14
    4.12976e+02    1.15264e+03    7.73550e+03    8.10916e+01    2.28668e+03
     Coulomb-14        LJ (SR)   Coulomb (SR)   Coul. recip.      Potential
    2.21985e+04    7.46414e+04   -7.78170e+05    3.32672e+03   -6.66334e+05
 Pressure (bar)
    1.24069e+04

           Step           Time
            548      548.00000

   Energies (kJ/mol)
           Bond          Angle    Proper Dih. Per. Imp. Dih.          LJ-14
    5.06076e+02    1.16327e+03    7.73416e+03    8.09484e+01    2.28614e+03
     Coulomb-14        LJ (SR)   Coulomb (SR)   Coul. recip.      Potential
    2.21974e+04    7.47734e+04   -7.78454e+05    3.32391e+03   -6.66388e+05
 Pressure (bar)
    1.24197e+04

           Step           Time
            549      549.00000

   Energies (kJ/mol)
           Bond          Angle    Proper Dih. Per. Imp. Dih.          LJ-14
    4.23500e+02    1.15311e+03    7.73406e+03    8.10301e+01    2.28621e+03
     Coulomb-14        LJ (SR)   Coulomb (SR)   Coul. recip.      Potential
    2.21973e+04    7.47901e+04   -7.78495e+05    3.32253e+03   -6.66507e+05
 Pressure (bar)
    1.24232e+04

           Step           Time
            550      550.00000

           Step           Time
            551      551.00000

   Energies (kJ/mol)
           Bond          Angle    Proper Dih. Per. Imp. Dih.          LJ-14
    4.31753e+02    1.15520e+03    7.73369e+03    8.09699e+01    2.28596e+03
     Coulomb-14        LJ (SR)   Coulomb (SR)   Coul. recip.      Potential
    2.21970e+04    7.48261e+04   -7.78572e+05    3.32193e+03   -6.66540e+05
 Pressure (bar)
    1.24273e+04

           Step           Time
            552      552.00000

   Energies (kJ/mol)
           Bond          Angle    Proper Dih. Per. Imp. Dih.          LJ-14
    4.36732e+02    1.15418e+03    7.73348e+03    8.10257e+01    2.28602e+03
     Coulomb-14        LJ (SR)   Coulomb (SR)   Coul. recip.      Potential
    2.21968e+04    7.48551e+04   -7.78638e+05    3.32071e+03   -6.66574e+05
 Pressure (bar)
    1.24304e+04

           Step           Time
            553      553.00000

   Energies (kJ/mol)
           Bond          Angle    Proper Dih. Per. Imp. Dih.          LJ-14
    4.53487e+02    1.15806e+03    7.73309e+03    8.09448e+01    2.28572e+03
     Coulomb-14        LJ (SR)   Coulomb (SR)   Coul. recip.      Potential
    2.21965e+04    7.48916e+04   -7.78715e+05    3.32028e+03   -6.66595e+05
 Pressure (bar)
    1.24341e+04

           Step           Time
            554      554.00000

   Energies (kJ/mol)
           Bond          Angle    Proper Dih. Per. Imp. Dih.          LJ-14
    4.64570e+02    1.15683e+03    7.73292e+03    8.10338e+01    2.28585e+03
     Coulomb-14        LJ (SR)   Coulomb (SR)   Coul. recip.      Potential
    2.21963e+04    7.49200e+04   -7.78780e+05    3.31887e+03   -6.66624e+05
 Pressure (bar)
    1.24372e+04

           Step           Time
            555      555.00000

   Energies (kJ/mol)
           Bond          Angle    Proper Dih. Per. Imp. Dih.          LJ-14
    4.98196e+02    1.16370e+03    7.73249e+03    8.09241e+01    2.28548e+03
     Coulomb-14        LJ (SR)   Coulomb (SR)   Coul. recip.      Potential
    2.21960e+04    7.49571e+04   -7.78857e+05    3.31871e+03   -6.66625e+05
 Pressure (bar)
    1.24405e+04

           Step           Time
            556      556.00000

   Energies (kJ/mol)
           Bond          Angle    Proper Dih. Per. Imp. Dih.          LJ-14
    5.23303e+02    1.16286e+03    7.73237e+03    8.10671e+01    2.28572e+03
     Coulomb-14        LJ (SR)   Coulomb (SR)   Coul. recip.      Potential
    2.21959e+04    7.49845e+04   -7.78922e+05    3.31705e+03   -6.66639e+05
 Pressure (bar)
    1.24432e+04

           Step           Time
            557      557.00000

           Step           Time
            558      558.00000

   Energies (kJ/mol)
           Bond          Angle    Proper Dih. Per. Imp. Dih.          LJ-14
    4.13712e+02    1.15354e+03    7.73214e+03    8.09685e+01    2.28536e+03
     Coulomb-14        LJ (SR)   Coulomb (SR)   Coul. recip.      Potential
    2.21956e+04    7.50024e+04   -7.78960e+05    3.31688e+03   -6.66780e+05
 Pressure (bar)
    1.24477e+04

           Step           Time
            559      559.00000

           Step           Time
            560      560.00000

   Energies (kJ/mol)
           Bond          Angle    Proper Dih. Per. Imp. Dih.          LJ-14
    4.45166e+02    1.15422e+03    7.73161e+03    8.09783e+01    2.28527e+03
     Coulomb-14        LJ (SR)   Coulomb (SR)   Coul. recip.      Potential
    2.21952e+04    7.50714e+04   -7.79111e+05    3.31482e+03   -6.66832e+05
 Pressure (bar)
    1.24550e+04

           Step           Time
            561      561.00000

   Energies (kJ/mol)
           Bond          Angle    Proper Dih. Per. Imp. Dih.          LJ-14
    4.20974e+02    1.15412e+03    7.73136e+03    8.09167e+01    2.28504e+03
     Coulomb-14        LJ (SR)   Coulomb (SR)   Coul. recip.      Potential
    2.21949e+04    7.50955e+04   -7.79163e+05    3.31452e+03   -6.66885e+05
 Pressure (bar)
    1.24578e+04

           Step           Time
            562      562.00000

   Energies (kJ/mol)
           Bond          Angle    Proper Dih. Per. Imp. Dih.          LJ-14
    4.67755e+02    1.15655e+03    7.73106e+03    8.09688e+01    2.28507e+03
     Coulomb-14        LJ (SR)   Coulomb (SR)   Coul. recip.      Potential
    2.21947e+04    7.51430e+04   -7.79268e+05    3.31279e+03   -6.66896e+05
 Pressure (bar)
    1.24624e+04

           Step           Time
            563      563.00000

   Energies (kJ/mol)
           Bond          Angle    Proper Dih. Per. Imp. Dih.          LJ-14
    4.39053e+02    1.15662e+03    7.73077e+03    8.08841e+01    2.28478e+03
     Coulomb-14        LJ (SR)   Coulomb (SR)   Coul. recip.      Potential
    2.21943e+04    7.51701e+04   -7.79325e+05    3.31268e+03   -6.66956e+05
 Pressure (bar)
    1.24659e+04

           Step           Time
            564      564.00000

           Step           Time
            565      565.00000

   Energies (kJ/mol)
           Bond          Angle    Proper Dih. Per. Imp. Dih.          LJ-14
    4.17840e+02    1.15265e+03    7.73067e+03    8.09187e+01    2.28479e+03
     Coulomb-14        LJ (SR)   Coulomb (SR)   Coul. recip.      Potential
    2.21943e+04    7.51892e+04   -7.79369e+05    3.31169e+03   -6.67007e+05
 Pressure (bar)
    1.24687e+04

           Step           Time
            566      566.00000

   Energies (kJ/mol)
           Bond          Angle    Proper Dih. Per. Imp. Dih.          LJ-14
    4.58947e+02    1.15878e+03    7.73015e+03    8.08447e+01    2.28452e+03
     Coulomb-14        LJ (SR)   Coulomb (SR)   Coul. recip.      Potential
    2.21937e+04    7.52503e+04   -7.79499e+05    3.31073e+03   -6.67031e+05
 Pressure (bar)
    1.24745e+04

           Step           Time
            567      567.00000

   Energies (kJ/mol)
           Bond          Angle    Proper Dih. Per. Imp. Dih.          LJ-14
    4.29509e+02    1.15351e+03    7.73006e+03    8.09008e+01    2.28454e+03
     Coulomb-14        LJ (SR)   Coulomb (SR)   Coul. recip.      Potential
    2.21937e+04    7.52707e+04   -7.79547e+05    3.30942e+03   -6.67095e+05
 Pressure (bar)
    1.24776e+04

           Step           Time
            568      568.00000

           Step           Time
            569      569.00000

   Energies (kJ/mol)
           Bond          Angle    Proper Dih. Per. Imp. Dih.          LJ-14
    4.18586e+02    1.15371e+03    7.72984e+03    8.08542e+01    2.28438e+03
     Coulomb-14        LJ (SR)   Coulomb (SR)   Coul. recip.      Potential
    2.21934e+04    7.52957e+04   -7.79600e+05    3.30916e+03   -6.67134e+05
 Pressure (bar)
    1.24807e+04

           Step           Time
            570      570.00000

   Energies (kJ/mol)
           Bond          Angle    Proper Dih. Per. Imp. Dih.          LJ-14
    4.41863e+02    1.15435e+03    7.72958e+03    8.08876e+01    2.28434e+03
     Coulomb-14        LJ (SR)   Coulomb (SR)   Coul. recip.      Potential
    2.21932e+04    7.53382e+04   -7.79694e+05    3.30757e+03   -6.67164e+05
 Pressure (bar)
    1.24850e+04

           Step           Time
            571      571.00000

   Energies (kJ/mol)
           Bond          Angle    Proper Dih. Per. Imp. Dih.          LJ-14
    4.30024e+02    1.15534e+03    7.72933e+03    8.08287e+01    2.28414e+03
     Coulomb-14        LJ (SR)   Coulomb (SR)   Coul. recip.      Potential
    2.21929e+04    7.53660e+04   -7.79753e+05    3.30745e+03   -6.67207e+05
 Pressure (bar)
    1.24883e+04

           Step           Time
            572      572.00000

   Energies (kJ/mol)
           Bond          Angle    Proper Dih. Per. Imp. Dih.          LJ-14
    4.65854e+02    1.15651e+03    7.72914e+03    8.08876e+01    2.28417e+03
     Coulomb-14        LJ (SR)   Coulomb (SR)   Coul. recip.      Potential
    2.21928e+04    7.54024e+04   -7.79835e+05    3.30580e+03   -6.67217e+05
 Pressure (bar)
    1.24918e+04

           Step           Time
            573      573.00000

   Energies (kJ/mol)
           Bond          Angle    Proper Dih. Per. Imp. Dih.          LJ-14
    4.56114e+02    1.15887e+03    7.72884e+03    8.08101e+01    2.28392e+03
     Coulomb-14        LJ (SR)   Coulomb (SR)   Coul. recip.      Potential
    2.21923e+04    7.54328e+04   -7.79898e+05    3.30589e+03   -6.67258e+05
 Pressure (bar)
    1.24953e+04

           Step           Time
            574      574.00000

           Step           Time
            575      575.00000

   Energies (kJ/mol)
           Bond          Angle    Proper Dih. Per. Imp. Dih.          LJ-14
    4.15590e+02    1.15267e+03    7.72878e+03    8.08442e+01    2.28390e+03
     Coulomb-14        LJ (SR)   Coulomb (SR)   Coul. recip.      Potential
    2.21923e+04    7.54485e+04   -7.79935e+05    3.30481e+03   -6.67328e+05
 Pressure (bar)
    1.24981e+04

           Step           Time
            576      576.00000

   Energies (kJ/mol)
           Bond          Angle    Proper Dih. Per. Imp. Dih.          LJ-14
    4.84535e+02    1.16168e+03    7.72810e+03    8.07610e+01    2.28359e+03
     Coulomb-14        LJ (SR)   Coulomb (SR)   Coul. recip.      Potential
    2.21915e+04    7.55426e+04   -7.80135e+05    3.30332e+03   -6.67359e+05
 Pressure (bar)
    1.25072e+04

           Step           Time
            577      577.00000

   Energies (kJ/mol)
           Bond          Angle    Proper Dih. Per. Imp. Dih.          LJ-14
    4.26120e+02    1.15328e+03    7.72804e+03    8.08156e+01    2.28356e+03
     Coulomb-14        LJ (SR)   Coulomb (SR)   Coul. recip.      Potential
    2.21916e+04    7.55598e+04   -7.80177e+05    3.30179e+03   -6.67452e+05
 Pressure (bar)
    1.25134e+04

           Step           Time
            578      578.00000

           Step           Time
            579      579.00000

   Energies (kJ/mol)
           Bond          Angle    Proper Dih. Per. Imp. Dih.          LJ-14
    4.26579e+02    1.15486e+03    7.72780e+03    8.07717e+01    2.28342e+03
     Coulomb-14        LJ (SR)   Coulomb (SR)   Coul. recip.      Potential
    2.21912e+04    7.55910e+04   -7.80244e+05    3.30155e+03   -6.67486e+05
 Pressure (bar)
    1.25170e+04

           Step           Time
            580      580.00000

   Energies (kJ/mol)
           Bond          Angle    Proper Dih. Per. Imp. Dih.          LJ-14
    4.38547e+02    1.15419e+03    7.72765e+03    8.08089e+01    2.28338e+03
     Coulomb-14        LJ (SR)   Coulomb (SR)   Coul. recip.      Potential
    2.21912e+04    7.56220e+04   -7.80313e+05    3.30010e+03   -6.67515e+05
 Pressure (bar)
    1.25202e+04

           Step           Time
            581      581.00000

   Energies (kJ/mol)
           Bond          Angle    Proper Dih. Per. Imp. Dih.          LJ-14
    4.43969e+02    1.15728e+03    7.72739e+03    8.07536e+01    2.28322e+03
     Coulomb-14        LJ (SR)   Coulomb (SR)   Coul. recip.      Potential
    2.21908e+04    7.56547e+04   -7.80381e+05    3.30006e+03   -6.67543e+05
 Pressure (bar)
    1.25237e+04

           Step           Time
            582      582.00000

   Energies (kJ/mol)
           Bond          Angle    Proper Dih. Per. Imp. Dih.          LJ-14
    4.63998e+02    1.15648e+03    7.72727e+03    8.08136e+01    2.28321e+03
     Coulomb-14        LJ (SR)   Coulomb (SR)   Coul. recip.      Potential
    2.21908e+04    7.56840e+04   -7.80448e+05    3.29834e+03   -6.67564e+05
 Pressure (bar)
    1.25267e+04

           Step           Time
            583      583.00000

   Energies (kJ/mol)
           Bond          Angle    Proper Dih. Per. Imp. Dih.          LJ-14
    4.80875e+02    1.16209e+03    7.72698e+03    8.07406e+01    2.28303e+03
     Coulomb-14        LJ (SR)   Coulomb (SR)   Coul. recip.      Potential
    2.21903e+04    7.57182e+04   -7.80519e+05    3.29872e+03   -6.67578e+05
 Pressure (bar)
    1.25301e+04

           Step           Time
            584      584.00000

   Energies (kJ/mol)
           Bond          Angle    Proper Dih. Per. Imp. Dih.          LJ-14
    5.16907e+02    1.16169e+03    7.72690e+03    8.08387e+01    2.28307e+03
     Coulomb-14        LJ (SR)   Coulomb (SR)   Coul. recip.      Potential
    2.21904e+04    7.57459e+04   -7.80583e+05    3.29659e+03   -6.67581e+05
 Pressure (bar)
    1.25326e+04

           Step           Time
            585      585.00000

           Step           Time
            586      586.00000

   Energies (kJ/mol)
           Bond          Angle    Proper Dih. Per. Imp. Dih.          LJ-14
    4.13970e+02    1.15356e+03    7.72673e+03    8.07708e+01    2.28286e+03
     Coulomb-14        LJ (SR)   Coulomb (SR)   Coul. recip.      Potential
    2.21901e+04    7.57628e+04   -7.80619e+05    3.29682e+03   -6.67712e+05
 Pressure (bar)
    1.25368e+04

           Step           Time
            587      587.00000

   Energies (kJ/mol)
           Bond          Angle    Proper Dih. Per. Imp. Dih.          LJ-14
    5.67268e+02    1.16369e+03    7.72580e+03    8.07764e+01    2.28254e+03
     Coulomb-14        LJ (SR)   Coulomb (SR)   Coul. recip.      Potential
    2.21891e+04    7.59341e+04   -7.80990e+05    3.29179e+03   -6.67755e+05
 Pressure (bar)
    1.25532e+04

           Step           Time
            588      588.00000

   Energies (kJ/mol)
           Bond          Angle    Proper Dih. Per. Imp. Dih.          LJ-14
    4.29883e+02    1.15554e+03    7.72558e+03    8.07062e+01    2.28227e+03
     Coulomb-14        LJ (SR)   Coulomb (SR)   Coul. recip.      Potential
    2.21887e+04    7.59551e+04   -7.81035e+05    3.29221e+03   -6.67925e+05
 Pressure (bar)
    1.25578e+04

           Step           Time
            589      589.00000

           Step           Time
            590      590.00000

   Energies (kJ/mol)
           Bond          Angle    Proper Dih. Per. Imp. Dih.          LJ-14
    4.47445e+02    1.15471e+03    7.72547e+03    8.07382e+01    2.28222e+03
     Coulomb-14        LJ (SR)   Coulomb (SR)   Coul. recip.      Potential
    2.21887e+04    7.59858e+04   -7.81104e+05    3.29060e+03   -6.67949e+05
 Pressure (bar)
    1.25614e+04

           Step           Time
            591      591.00000

   Energies (kJ/mol)
           Bond          Angle    Proper Dih. Per. Imp. Dih.          LJ-14
    4.51326e+02    1.15853e+03    7.72525e+03    8.06837e+01    2.28211e+03
     Coulomb-14        LJ (SR)   Coulomb (SR)   Coul. recip.      Potential
    2.21882e+04    7.60176e+04   -7.81171e+05    3.29089e+03   -6.67976e+05
 Pressure (bar)
    1.25647e+04

           Step           Time
            592      592.00000

   Energies (kJ/mol)
           Bond          Angle    Proper Dih. Per. Imp. Dih.          LJ-14
    4.80269e+02    1.15794e+03    7.72514e+03    8.07413e+01    2.28205e+03
     Coulomb-14        LJ (SR)   Coulomb (SR)   Coul. recip.      Potential
    2.21883e+04    7.60465e+04   -7.81237e+05    3.28887e+03   -6.67987e+05
 Pressure (bar)
    1.25676e+04

           Step           Time
            593      593.00000

   Energies (kJ/mol)
           Bond          Angle    Proper Dih. Per. Imp. Dih.          LJ-14
    4.97486e+02    1.16449e+03    7.72489e+03    8.06754e+01    2.28196e+03
     Coulomb-14        LJ (SR)   Coulomb (SR)   Coul. recip.      Potential
    2.21877e+04    7.60801e+04   -7.81305e+05    3.28971e+03   -6.67998e+05
 Pressure (bar)
    1.25709e+04

           Step           Time
            594      594.00000

           Step           Time
            595      595.00000

   Energies (kJ/mol)
           Bond          Angle    Proper Dih. Per. Imp. Dih.          LJ-14
    4.15211e+02    1.15323e+03    7.72486e+03    8.07039e+01    2.28184e+03
     Coulomb-14        LJ (SR)   Coulomb (SR)   Coul. recip.      Potential
    2.21878e+04    7.60929e+04   -7.81337e+05    3.28816e+03   -6.68112e+05
 Pressure (bar)
    1.25743e+04

           Step           Time
            596      596.00000

   Energies (kJ/mol)
           Bond          Angle    Proper Dih. Per. Imp. Dih.          LJ-14
    5.51851e+02    1.16869e+03    7.72393e+03    8.05892e+01    2.28153e+03
     Coulomb-14        LJ (SR)   Coulomb (SR)   Coul. recip.      Potential
    2.21864e+04    7.62656e+04   -7.81704e+05    3.28568e+03   -6.68160e+05
 Pressure (bar)
    1.25911e+04

           Step           Time
            597      597.00000

   Energies (kJ/mol)
           Bond          Angle    Proper Dih. Per. Imp. Dih.          LJ-14
    4.27012e+02    1.15355e+03    7.72389e+03    8.06364e+01    2.28127e+03
     Coulomb-14        LJ (SR)   Coulomb (SR)   Coul. recip.      Potential
    2.21867e+04    7.62794e+04   -7.81742e+05    3.28323e+03   -6.68326e+05
 Pressure (bar)
    1.25950e+04

           Step           Time
            598      598.00000

           Step           Time
            599      599.00000

   Energies (kJ/mol)
           Bond          Angle    Proper Dih. Per. Imp. Dih.          LJ-14
    4.46964e+02    1.15781e+03    7.72369e+03    8.06089e+01    2.28123e+03
     Coulomb-14        LJ (SR)   Coulomb (SR)   Coul. recip.      Potential
    2.21862e+04    7.63186e+04   -7.81824e+05    3.28335e+03   -6.68346e+05
 Pressure (bar)
    1.25993e+04

           Step           Time
            600      600.00000

   Energies (kJ/mol)
           Bond          Angle    Proper Dih. Per. Imp. Dih.          LJ-14
    4.43223e+02    1.15498e+03    7.72360e+03    8.06407e+01    2.28110e+03
     Coulomb-14        LJ (SR)   Coulomb (SR)   Coul. recip.      Potential
    2.21863e+04    7.63423e+04   -7.81879e+05    3.28147e+03   -6.68385e+05
 Pressure (bar)
    1.26020e+04

           Step           Time
            601      601.00000

           Step           Time
            602      602.00000

   Energies (kJ/mol)
           Bond          Angle    Proper Dih. Per. Imp. Dih.          LJ-14
    4.16023e+02    1.15380e+03    7.72349e+03    8.06151e+01    2.28105e+03
     Coulomb-14        LJ (SR)   Coulomb (SR)   Coul. recip.      Potential
    2.21860e+04    7.63611e+04   -7.81918e+05    3.28171e+03   -6.68435e+05
 Pressure (bar)
    1.26048e+04

           Step           Time
            603      603.00000

   Energies (kJ/mol)
           Bond          Angle    Proper Dih. Per. Imp. Dih.          LJ-14
    4.59026e+02    1.15605e+03    7.72317e+03    8.06295e+01    2.28085e+03
     Coulomb-14        LJ (SR)   Coulomb (SR)   Coul. recip.      Potential
    2.21858e+04    7.64318e+04   -7.82074e+05    3.27911e+03   -6.68477e+05
 Pressure (bar)
    1.26121e+04

           Step           Time
            604      604.00000

   Energies (kJ/mol)
           Bond          Angle    Proper Dih. Per. Imp. Dih.          LJ-14
    4.24297e+02    1.15521e+03    7.72303e+03    8.05975e+01    2.28080e+03
     Coulomb-14        LJ (SR)   Coulomb (SR)   Coul. recip.      Potential
    2.21854e+04    7.64541e+04   -7.82120e+05    3.27960e+03   -6.68537e+05
 Pressure (bar)
    1.26152e+04

           Step           Time
            605      605.00000

           Step           Time
            606      606.00000

   Energies (kJ/mol)
           Bond          Angle    Proper Dih. Per. Imp. Dih.          LJ-14
    4.21867e+02    1.15340e+03    7.72294e+03    8.06080e+01    2.28070e+03
     Coulomb-14        LJ (SR)   Coulomb (SR)   Coul. recip.      Potential
    2.21853e+04    7.64770e+04   -7.82171e+05    3.27835e+03   -6.68571e+05
 Pressure (bar)
    1.26180e+04

           Step           Time
            607      607.00000

   Energies (kJ/mol)
           Bond          Angle    Proper Dih. Per. Imp. Dih.          LJ-14
    4.34491e+02    1.15657e+03    7.72274e+03    8.05807e+01    2.28065e+03
     Coulomb-14        LJ (SR)   Coulomb (SR)   Coul. recip.      Potential
    2.21849e+04    7.65170e+04   -7.82256e+05    3.27824e+03   -6.68600e+05
 Pressure (bar)
    1.26222e+04

           Step           Time
            608      608.00000

   Energies (kJ/mol)
           Bond          Angle    Proper Dih. Per. Imp. Dih.          LJ-14
    4.31293e+02    1.15412e+03    7.72265e+03    8.05990e+01    2.28051e+03
     Coulomb-14        LJ (SR)   Coulomb (SR)   Coul. recip.      Potential
    2.21850e+04    7.65403e+04   -7.82309e+05    3.27661e+03   -6.68638e+05
 Pressure (bar)
    1.26250e+04

           Step           Time
            609      609.00000

   Energies (kJ/mol)
           Bond          Angle    Proper Dih. Per. Imp. Dih.          LJ-14
    4.54829e+02    1.15922e+03    7.72245e+03    8.05682e+01    2.28051e+03
     Coulomb-14        LJ (SR)   Coulomb (SR)   Coul. recip.      Potential
    2.21845e+04    7.65786e+04   -7.82389e+05    3.27701e+03   -6.68651e+05
 Pressure (bar)
    1.26288e+04

           Step           Time
            610      610.00000

   Energies (kJ/mol)
           Bond          Angle    Proper Dih. Per. Imp. Dih.          LJ-14
    4.52175e+02    1.15594e+03    7.72238e+03    8.05990e+01    2.28032e+03
     Coulomb-14        LJ (SR)   Coulomb (SR)   Coul. recip.      Potential
    2.21847e+04    7.66021e+04   -7.82443e+05    3.27485e+03   -6.68690e+05
 Pressure (bar)
    1.26316e+04

           Step           Time
            611      611.00000

           Step           Time
            612      612.00000

   Energies (kJ/mol)
           Bond          Angle    Proper Dih. Per. Imp. Dih.          LJ-14
    4.16655e+02    1.15417e+03    7.72227e+03    8.05730e+01    2.28031e+03
     Coulomb-14        LJ (SR)   Coulomb (SR)   Coul. recip.      Potential
    2.21843e+04    7.66205e+04   -7.82482e+05    3.27527e+03   -6.68748e+05
 Pressure (bar)
    1.26345e+04

           Step           Time
            613      613.00000

   Energies (kJ/mol)
           Bond          Angle    Proper Dih. Per. Imp. Dih.          LJ-14
    4.72628e+02    1.15737e+03    7.72197e+03    8.05799e+01    2.28007e+03
     Coulomb-14        LJ (SR)   Coulomb (SR)   Coul. recip.      Potential
    2.21841e+04    7.66943e+04   -7.82644e+05    3.27241e+03   -6.68780e+05
 Pressure (bar)
    1.26418e+04

           Step           Time
            614      614.00000

   Energies (kJ/mol)
           Bond          Angle    Proper Dih. Per. Imp. Dih.          LJ-14
    4.26767e+02    1.15577e+03    7.72185e+03    8.05515e+01    2.28007e+03
     Coulomb-14        LJ (SR)   Coulomb (SR)   Coul. recip.      Potential
    2.21837e+04    7.67162e+04   -7.82689e+05    3.27320e+03   -6.68851e+05
 Pressure (bar)
    1.26451e+04

           Step           Time
            615      615.00000

           Step           Time
            616      616.00000

   Energies (kJ/mol)
           Bond          Angle    Proper Dih. Per. Imp. Dih.          LJ-14
    4.24868e+02    1.15381e+03    7.72176e+03    8.05584e+01    2.27993e+03
     Coulomb-14        LJ (SR)   Coulomb (SR)   Coul. recip.      Potential
    2.21837e+04    7.67393e+04   -7.82741e+05    3.27175e+03   -6.68885e+05
 Pressure (bar)
    1.26480e+04

           Step           Time
            617      617.00000

   Energies (kJ/mol)
           Bond          Angle    Proper Dih. Per. Imp. Dih.          LJ-14
    4.37483e+02    1.15716e+03    7.72159e+03    8.05344e+01    2.27993e+03
     Coulomb-14        LJ (SR)   Coulomb (SR)   Coul. recip.      Potential
    2.21832e+04    7.67767e+04   -7.82820e+05    3.27193e+03   -6.68911e+05
 Pressure (bar)
    1.26518e+04

           Step           Time
            618      618.00000

   Energies (kJ/mol)
           Bond          Angle    Proper Dih. Per. Imp. Dih.          LJ-14
    4.38271e+02    1.15487e+03    7.72151e+03    8.05489e+01    2.27974e+03
     Coulomb-14        LJ (SR)   Coulomb (SR)   Coul. recip.      Potential
    2.21834e+04    7.68008e+04   -7.82875e+05    3.27002e+03   -6.68946e+05
 Pressure (bar)
    1.26547e+04

           Step           Time
            619      619.00000

   Energies (kJ/mol)
           Bond          Angle    Proper Dih. Per. Imp. Dih.          LJ-14
    4.57430e+02    1.15974e+03    7.72134e+03    8.05241e+01    2.27981e+03
     Coulomb-14        LJ (SR)   Coulomb (SR)   Coul. recip.      Potential
    2.21828e+04    7.68358e+04   -7.82947e+05    3.27077e+03   -6.68959e+05
 Pressure (bar)
    1.26582e+04

           Step           Time
            620      620.00000

   Energies (kJ/mol)
           Bond          Angle    Proper Dih. Per. Imp. Dih.          LJ-14
    4.66213e+02    1.15735e+03    7.72126e+03    8.05490e+01    2.27956e+03
     Coulomb-14        LJ (SR)   Coulomb (SR)   Coul. recip.      Potential
    2.21831e+04    7.68604e+04   -7.83005e+05    3.26826e+03   -6.68988e+05
 Pressure (bar)
    1.26609e+04

           Step           Time
            621      621.00000

           Step           Time
            622      622.00000

   Energies (kJ/mol)
           Bond          Angle    Proper Dih. Per. Imp. Dih.          LJ-14
    4.15880e+02    1.15420e+03    7.72118e+03    8.05265e+01    2.27958e+03
     Coulomb-14        LJ (SR)   Coulomb (SR)   Coul. recip.      Potential
    2.21827e+04    7.68772e+04   -7.83040e+05    3.26891e+03   -6.69059e+05
 Pressure (bar)
    1.26640e+04

           Step           Time
            623      623.00000

   Energies (kJ/mol)
           Bond          Angle    Proper Dih. Per. Imp. Dih.          LJ-14
    4.93282e+02    1.15911e+03    7.72076e+03    8.05138e+01    2.27921e+03
     Coulomb-14        LJ (SR)   Coulomb (SR)   Coul. recip.      Potential
    2.21824e+04    7.69889e+04   -7.83283e+05    3.26495e+03   -6.69114e+05
 Pressure (bar)
    1.26751e+04

           Step           Time
            624      624.00000

   Energies (kJ/mol)
           Bond          Angle    Proper Dih. Per. Imp. Dih.          LJ-14
    4.22235e+02    1.15523e+03    7.72066e+03    8.04933e+01    2.27925e+03
     Coulomb-14        LJ (SR)   Coulomb (SR)   Coul. recip.      Potential
    2.21819e+04    7.70083e+04   -7.83323e+05    3.26597e+03   -6.69209e+05
 Pressure (bar)
    1.26786e+04

           Step           Time
            625      625.00000

           Step           Time
            626      626.00000

   Energies (kJ/mol)
           Bond          Angle    Proper Dih. Per. Imp. Dih.          LJ-14
    4.33286e+02    1.15454e+03    7.72055e+03    8.04944e+01    2.27907e+03
     Coulomb-14        LJ (SR)   Coulomb (SR)   Coul. recip.      Potential
    2.21819e+04    7.70390e+04   -7.83391e+05    3.26419e+03   -6.69238e+05
 Pressure (bar)
    1.26821e+04

           Step           Time
            627      627.00000

   Energies (kJ/mol)
           Bond          Angle    Proper Dih. Per. Imp. Dih.          LJ-14
    4.30498e+02    1.15642e+03    7.72044e+03    8.04782e+01    2.27913e+03
     Coulomb-14        LJ (SR)   Coulomb (SR)   Coul. recip.      Potential
    2.21815e+04    7.70671e+04   -7.83450e+05    3.26476e+03   -6.69270e+05
 Pressure (bar)
    1.26853e+04

           Step           Time
            628      628.00000

   Energies (kJ/mol)
           Bond          Angle    Proper Dih. Per. Imp. Dih.          LJ-14
    4.50520e+02    1.15602e+03    7.72033e+03    8.04860e+01    2.27889e+03
     Coulomb-14        LJ (SR)   Coulomb (SR)   Coul. recip.      Potential
    2.21817e+04    7.70970e+04   -7.83518e+05    3.26256e+03   -6.69291e+05
 Pressure (bar)
    1.26884e+04

           Step           Time
            629      629.00000

   Energies (kJ/mol)
           Bond          Angle    Proper Dih. Per. Imp. Dih.          LJ-14
    4.48130e+02    1.15879e+03    7.72022e+03    8.04709e+01    2.27902e+03
     Coulomb-14        LJ (SR)   Coulomb (SR)   Coul. recip.      Potential
    2.21811e+04    7.71259e+04   -7.83578e+05    3.26366e+03   -6.69320e+05
 Pressure (bar)
    1.26916e+04

           Step           Time
            630      630.00000

   Energies (kJ/mol)
           Bond          Angle    Proper Dih. Per. Imp. Dih.          LJ-14
    4.84372e+02    1.15907e+03    7.72012e+03    8.04856e+01    2.27871e+03
     Coulomb-14        LJ (SR)   Coulomb (SR)   Coul. recip.      Potential
    2.21814e+04    7.71547e+04   -7.83644e+05    3.26086e+03   -6.69324e+05
 Pressure (bar)
    1.26942e+04

           Step           Time
            631      631.00000

   Energies (kJ/mol)
           Bond          Angle    Proper Dih. Per. Imp. Dih.          LJ-14
    4.85499e+02    1.16352e+03    7.72000e+03    8.04727e+01    2.27894e+03
     Coulomb-14        LJ (SR)   Coulomb (SR)   Coul. recip.      Potential
    2.21806e+04    7.71848e+04   -7.83704e+05    3.26276e+03   -6.69347e+05
 Pressure (bar)
    1.26975e+04

           Step           Time
            632      632.00000

           Step           Time
            633      633.00000

   Energies (kJ/mol)
           Bond          Angle    Proper Dih. Per. Imp. Dih.          LJ-14
    4.18139e+02    1.15412e+03    7.71996e+03    8.04707e+01    2.27864e+03
     Coulomb-14        LJ (SR)   Coulomb (SR)   Coul. recip.      Potential
    2.21809e+04    7.71979e+04   -7.83736e+05    3.26072e+03   -6.69446e+05
 Pressure (bar)
    1.27007e+04

           Step           Time
            634      634.00000

   Energies (kJ/mol)
           Bond          Angle    Proper Dih. Per. Imp. Dih.          LJ-14
    5.16694e+02    1.16611e+03    7.71957e+03    8.04249e+01    2.27871e+03
     Coulomb-14        LJ (SR)   Coulomb (SR)   Coul. recip.      Potential
    2.21798e+04    7.73072e+04   -7.83968e+05    3.26024e+03   -6.69460e+05
 Pressure (bar)
    1.27120e+04

           Step           Time
            635      635.00000

   Energies (kJ/mol)
           Bond          Angle    Proper Dih. Per. Imp. Dih.          LJ-14
    4.33188e+02    1.15497e+03    7.71952e+03    8.04316e+01    2.27826e+03
     Coulomb-14        LJ (SR)   Coulomb (SR)   Coul. recip.      Potential
    2.21803e+04    7.73223e+04   -7.84006e+05    3.25728e+03   -6.69580e+05
 Pressure (bar)
    1.27154e+04

           Step           Time
            636      636.00000

           Step           Time
            637      637.00000

   Energies (kJ/mol)
           Bond          Angle    Proper Dih. Per. Imp. Dih.          LJ-14
    4.33704e+02    1.15691e+03    7.71943e+03    8.04231e+01    2.27838e+03
     Coulomb-14        LJ (SR)   Coulomb (SR)   Coul. recip.      Potential
    2.21798e+04    7.73514e+04   -7.84067e+05    3.25802e+03   -6.69609e+05
 Pressure (bar)
    1.27188e+04

           Step           Time
            638      638.00000

   Energies (kJ/mol)
           Bond          Angle    Proper Dih. Per. Imp. Dih.          LJ-14
    4.50978e+02    1.15637e+03    7.71933e+03    8.04230e+01    2.27808e+03
     Coulomb-14        LJ (SR)   Coulomb (SR)   Coul. recip.      Potential
    2.21800e+04    7.73794e+04   -7.84131e+05    3.25567e+03   -6.69631e+05
 Pressure (bar)
    1.27216e+04

           Step           Time
            639      639.00000

   Energies (kJ/mol)
           Bond          Angle    Proper Dih. Per. Imp. Dih.          LJ-14
    4.53471e+02    1.15954e+03    7.71924e+03    8.04163e+01    2.27829e+03
     Coulomb-14        LJ (SR)   Coulomb (SR)   Coul. recip.      Potential
    2.21794e+04    7.74089e+04   -7.84192e+05    3.25702e+03   -6.69655e+05
 Pressure (bar)
    1.27249e+04

           Step           Time
            640      640.00000

   Energies (kJ/mol)
           Bond          Angle    Proper Dih. Per. Imp. Dih.          LJ-14
    4.86358e+02    1.15952e+03    7.71914e+03    8.04210e+01    2.27790e+03
     Coulomb-14        LJ (SR)   Coulomb (SR)   Coul. recip.      Potential
    2.21798e+04    7.74362e+04   -7.84255e+05    3.25395e+03   -6.69661e+05
 Pressure (bar)
    1.27274e+04

           Step           Time
            641      641.00000

   Energies (kJ/mol)
           Bond          Angle    Proper Dih. Per. Imp. Dih.          LJ-14
    4.94987e+02    1.16470e+03    7.71905e+03    8.04212e+01    2.27824e+03
     Coulomb-14        LJ (SR)   Coulomb (SR)   Coul. recip.      Potential
    2.21789e+04    7.74666e+04   -7.84316e+05    3.25623e+03   -6.69677e+05
 Pressure (bar)
    1.27306e+04

           Step           Time
            642      642.00000

           Step           Time
            643      643.00000

   Energies (kJ/mol)
           Bond          Angle    Proper Dih. Per. Imp. Dih.          LJ-14
    4.18087e+02    1.15436e+03    7.71900e+03    8.04103e+01    2.27788e+03
     Coulomb-14        LJ (SR)   Coulomb (SR)   Coul. recip.      Potential
    2.21792e+04    7.74791e+04   -7.84347e+05    3.25396e+03   -6.69785e+05
 Pressure (bar)
    1.27339e+04

           Step           Time
            644      644.00000

   Energies (kJ/mol)
           Bond          Angle    Proper Dih. Per. Imp. Dih.          LJ-14
    5.29100e+02    1.16737e+03    7.71863e+03    8.03664e+01    2.27799e+03
     Coulomb-14        LJ (SR)   Coulomb (SR)   Coul. recip.      Potential
    2.21780e+04    7.76038e+04   -7.84612e+05    3.25346e+03   -6.69803e+05
 Pressure (bar)
    1.27458e+04

           Step           Time
            645      645.00000

   Energies (kJ/mol)
           Bond          Angle    Proper Dih. Per. Imp. Dih.          LJ-14
    4.33403e+02    1.15517e+03    7.71856e+03    8.03638e+01    2.27745e+03
     Coulomb-14        LJ (SR)   Coulomb (SR)   Coul. recip.      Potential
    2.21786e+04    7.76183e+04   -7.84649e+05    3.25019e+03   -6.69937e+05
 Pressure (bar)
    1.27493e+04

           Step           Time
            646      646.00000

           Step           Time
            647      647.00000

   Energies (kJ/mol)
           Bond          Angle    Proper Dih. Per. Imp. Dih.          LJ-14
    4.37319e+02    1.15748e+03    7.71849e+03    8.03613e+01    2.27763e+03
     Coulomb-14        LJ (SR)   Coulomb (SR)   Coul. recip.      Potential
    2.21780e+04    7.76483e+04   -7.84712e+05    3.25109e+03   -6.69963e+05
 Pressure (bar)
    1.27528e+04

           Step           Time
            648      648.00000

   Energies (kJ/mol)
           Bond          Angle    Proper Dih. Per. Imp. Dih.          LJ-14
    4.51906e+02    1.15666e+03    7.71839e+03    8.03540e+01    2.27727e+03
     Coulomb-14        LJ (SR)   Coulomb (SR)   Coul. recip.      Potential
    2.21783e+04    7.76746e+04   -7.84772e+05    3.24856e+03   -6.69986e+05
 Pressure (bar)
    1.27555e+04

           Step           Time
            649      649.00000

   Energies (kJ/mol)
           Bond          Angle    Proper Dih. Per. Imp. Dih.          LJ-14
    4.59574e+02    1.16038e+03    7.71832e+03    8.03589e+01    2.27755e+03
     Coulomb-14        LJ (SR)   Coulomb (SR)   Coul. recip.      Potential
    2.21776e+04    7.77047e+04   -7.84833e+05    3.25018e+03   -6.70005e+05
 Pressure (bar)
    1.27588e+04

           Step           Time
            650      650.00000

   Energies (kJ/mol)
           Bond          Angle    Proper Dih. Per. Imp. Dih.          LJ-14
    4.89228e+02    1.16000e+03    7.71823e+03    8.03530e+01    2.27708e+03
     Coulomb-14        LJ (SR)   Coulomb (SR)   Coul. recip.      Potential
    2.21781e+04    7.77306e+04   -7.84894e+05    3.24686e+03   -6.70013e+05
 Pressure (bar)
    1.27612e+04

           Step           Time
            651      651.00000

   Energies (kJ/mol)
           Bond          Angle    Proper Dih. Per. Imp. Dih.          LJ-14
    5.05930e+02    1.16603e+03    7.71816e+03    8.03681e+01    2.27753e+03
     Coulomb-14        LJ (SR)   Coulomb (SR)   Coul. recip.      Potential
    2.21772e+04    7.77613e+04   -7.84955e+05    3.24949e+03   -6.70020e+05
 Pressure (bar)
    1.27643e+04

           Step           Time
            652      652.00000

           Step           Time
            653      653.00000

   Energies (kJ/mol)
           Bond          Angle    Proper Dih. Per. Imp. Dih.          LJ-14
    4.18109e+02    1.15460e+03    7.71811e+03    8.03483e+01    2.27710e+03
     Coulomb-14        LJ (SR)   Coulomb (SR)   Coul. recip.      Potential
    2.21775e+04    7.77733e+04   -7.84985e+05    3.24699e+03   -6.70139e+05
 Pressure (bar)
    1.27677e+04

           Step           Time
            654      654.00000

   Energies (kJ/mol)
           Bond          Angle    Proper Dih. Per. Imp. Dih.          LJ-14
    5.43422e+02    1.16876e+03    7.71774e+03    8.03010e+01    2.27727e+03
     Coulomb-14        LJ (SR)   Coulomb (SR)   Coul. recip.      Potential
    2.21762e+04    7.79166e+04   -7.85291e+05    3.24638e+03   -6.70164e+05
 Pressure (bar)
    1.27816e+04

           Step           Time
            655      655.00000

   Energies (kJ/mol)
           Bond          Angle    Proper Dih. Per. Imp. Dih.          LJ-14
    4.33908e+02    1.15540e+03    7.71766e+03    8.02900e+01    2.27662e+03
     Coulomb-14        LJ (SR)   Coulomb (SR)   Coul. recip.      Potential
    2.21768e+04    7.79306e+04   -7.85327e+05    3.24279e+03   -6.70313e+05
 Pressure (bar)
    1.27851e+04

           Step           Time
            656      656.00000

           Step           Time
            657      657.00000

   Energies (kJ/mol)
           Bond          Angle    Proper Dih. Per. Imp. Dih.          LJ-14
    4.41385e+02    1.15810e+03    7.71761e+03    8.02975e+01    2.27685e+03
     Coulomb-14        LJ (SR)   Coulomb (SR)   Coul. recip.      Potential
    2.21762e+04    7.79613e+04   -7.85391e+05    3.24388e+03   -6.70335e+05
 Pressure (bar)
    1.27887e+04

           Step           Time
            658      658.00000

   Energies (kJ/mol)
           Bond          Angle    Proper Dih. Per. Imp. Dih.          LJ-14
    4.53359e+02    1.15701e+03    7.71752e+03    8.02823e+01    2.27644e+03
     Coulomb-14        LJ (SR)   Coulomb (SR)   Coul. recip.      Potential
    2.21765e+04    7.79863e+04   -7.85448e+05    3.24116e+03   -6.70360e+05
 Pressure (bar)
    1.27913e+04

           Step           Time
            659      659.00000

   Energies (kJ/mol)
           Bond          Angle    Proper Dih. Per. Imp. Dih.          LJ-14
    4.66492e+02    1.16131e+03    7.71747e+03    8.02966e+01    2.27679e+03
     Coulomb-14        LJ (SR)   Coulomb (SR)   Coul. recip.      Potential
    2.21758e+04    7.80167e+04   -7.85511e+05    3.24307e+03   -6.70373e+05
 Pressure (bar)
    1.27945e+04

           Step           Time
            660      660.00000

   Energies (kJ/mol)
           Bond          Angle    Proper Dih. Per. Imp. Dih.          LJ-14
    4.93132e+02    1.16058e+03    7.71737e+03    8.02788e+01    2.27624e+03
     Coulomb-14        LJ (SR)   Coulomb (SR)   Coul. recip.      Potential
    2.21763e+04    7.80415e+04   -7.85569e+05    3.23945e+03   -6.70384e+05
 Pressure (bar)
    1.27968e+04

           Step           Time
            661      661.00000

           Step           Time
            662      662.00000

   Energies (kJ/mol)
           Bond          Angle    Proper Dih. Per. Imp. Dih.          LJ-14
    4.17121e+02    1.15505e+03    7.71736e+03    8.02821e+01    2.27644e+03
     Coulomb-14        LJ (SR)   Coulomb (SR)   Coul. recip.      Potential
    2.21758e+04    7.80566e+04   -7.85600e+05    3.24081e+03   -6.70480e+05
 Pressure (bar)
    1.28003e+04

           Step           Time
            663      663.00000

   Energies (kJ/mol)
           Bond          Angle    Proper Dih. Per. Imp. Dih.          LJ-14
    5.32511e+02    1.16320e+03    7.71694e+03    8.02185e+01    2.27581e+03
     Coulomb-14        LJ (SR)   Coulomb (SR)   Coul. recip.      Potential
    2.21754e+04    7.82147e+04   -7.85944e+05    3.23512e+03   -6.70551e+05
 Pressure (bar)
    1.28163e+04

           Step           Time
            664      664.00000

   Energies (kJ/mol)
           Bond          Angle    Proper Dih. Per. Imp. Dih.          LJ-14
    4.24036e+02    1.15609e+03    7.71692e+03    8.02377e+01    2.27607e+03
     Coulomb-14        LJ (SR)   Coulomb (SR)   Coul. recip.      Potential
    2.21747e+04    7.82323e+04   -7.85980e+05    3.23714e+03   -6.70683e+05
 Pressure (bar)
    1.28201e+04

           Step           Time
            665      665.00000

           Step           Time
            666      666.00000

   Energies (kJ/mol)
           Bond          Angle    Proper Dih. Per. Imp. Dih.          LJ-14
    4.46168e+02    1.15645e+03    7.71683e+03    8.02185e+01    2.27574e+03
     Coulomb-14        LJ (SR)   Coulomb (SR)   Coul. recip.      Potential
    2.21749e+04    7.82657e+04   -7.86055e+05    3.23479e+03   -6.70704e+05
 Pressure (bar)
    1.28237e+04

           Step           Time
            667      667.00000

   Energies (kJ/mol)
           Bond          Angle    Proper Dih. Per. Imp. Dih.          LJ-14
    4.34280e+02    1.15756e+03    7.71680e+03    8.02299e+01    2.27600e+03
     Coulomb-14        LJ (SR)   Coulomb (SR)   Coul. recip.      Potential
    2.21744e+04    7.82901e+04   -7.86105e+05    3.23618e+03   -6.70740e+05
 Pressure (bar)
    1.28267e+04

           Step           Time
            668      668.00000

   Energies (kJ/mol)
           Bond          Angle    Proper Dih. Per. Imp. Dih.          LJ-14
    4.71326e+02    1.15870e+03    7.71669e+03    8.02054e+01    2.27554e+03
     Coulomb-14        LJ (SR)   Coulomb (SR)   Coul. recip.      Potential
    2.21747e+04    7.83209e+04   -7.86175e+05    3.23316e+03   -6.70744e+05
 Pressure (bar)
    1.28295e+04

           Step           Time
            669      669.00000

   Energies (kJ/mol)
           Bond          Angle    Proper Dih. Per. Imp. Dih.          LJ-14
    4.57304e+02    1.16051e+03    7.71667e+03    8.02315e+01    2.27596e+03
     Coulomb-14        LJ (SR)   Coulomb (SR)   Coul. recip.      Potential
    2.21739e+04    7.83468e+04   -7.86228e+05    3.23541e+03   -6.70781e+05
 Pressure (bar)
    1.28327e+04

           Step           Time
            670      670.00000

           Step           Time
            671      671.00000

   Energies (kJ/mol)
           Bond          Angle    Proper Dih. Per. Imp. Dih.          LJ-14
    4.20762e+02    1.15498e+03    7.71662e+03    8.02063e+01    2.27558e+03
     Coulomb-14        LJ (SR)   Coulomb (SR)   Coul. recip.      Potential
    2.21742e+04    7.83608e+04   -7.86261e+05    3.23329e+03   -6.70845e+05
 Pressure (bar)
    1.28353e+04

           Step           Time
            672      672.00000

   Energies (kJ/mol)
           Bond          Angle    Proper Dih. Per. Imp. Dih.          LJ-14
    4.78495e+02    1.16265e+03    7.71649e+03    8.02085e+01    2.27583e+03
     Coulomb-14        LJ (SR)   Coulomb (SR)   Coul. recip.      Potential
    2.21733e+04    7.84342e+04   -7.86417e+05    3.23382e+03   -6.70862e+05
 Pressure (bar)
    1.28424e+04

           Step           Time
            673      673.00000

   Energies (kJ/mol)
           Bond          Angle    Proper Dih. Per. Imp. Dih.          LJ-14
    4.33204e+02    1.15583e+03    7.71640e+03    8.01800e+01    2.27529e+03
     Coulomb-14        LJ (SR)   Coulomb (SR)   Coul. recip.      Potential
    2.21738e+04    7.84502e+04   -7.86456e+05    3.23080e+03   -6.70940e+05
 Pressure (bar)
    1.28452e+04

           Step           Time
            674      674.00000

           Step           Time
            675      675.00000

   Energies (kJ/mol)
           Bond          Angle    Proper Dih. Per. Imp. Dih.          LJ-14
    4.26457e+02    1.15662e+03    7.71638e+03    8.01891e+01    2.27550e+03
     Coulomb-14        LJ (SR)   Coulomb (SR)   Coul. recip.      Potential
    2.21733e+04    7.84742e+04   -7.86506e+05    3.23178e+03   -6.70971e+05
 Pressure (bar)
    1.28482e+04

           Step           Time
            676      676.00000

   Energies (kJ/mol)
           Bond          Angle    Proper Dih. Per. Imp. Dih.          LJ-14
    4.47261e+02    1.15690e+03    7.71627e+03    8.01619e+01    2.27511e+03
     Coulomb-14        LJ (SR)   Coulomb (SR)   Coul. recip.      Potential
    2.21736e+04    7.85050e+04   -7.86575e+05    3.22929e+03   -6.70992e+05
 Pressure (bar)
    1.28513e+04

           Step           Time
            677      677.00000

   Energies (kJ/mol)
           Bond          Angle    Proper Dih. Per. Imp. Dih.          LJ-14
    4.38720e+02    1.15827e+03    7.71626e+03    8.01829e+01    2.27543e+03
     Coulomb-14        LJ (SR)   Coulomb (SR)   Coul. recip.      Potential
    2.21729e+04    7.85301e+04   -7.86627e+05    3.23089e+03   -6.71024e+05
 Pressure (bar)
    1.28543e+04

           Step           Time
            678      678.00000

   Energies (kJ/mol)
           Bond          Angle    Proper Dih. Per. Imp. Dih.          LJ-14
    4.74445e+02    1.15924e+03    7.71616e+03    8.01504e+01    2.27491e+03
     Coulomb-14        LJ (SR)   Coulomb (SR)   Coul. recip.      Potential
    2.21733e+04    7.85591e+04   -7.86693e+05    3.22768e+03   -6.71028e+05
 Pressure (bar)
    1.28569e+04

           Step           Time
            679      679.00000

   Energies (kJ/mol)
           Bond          Angle    Proper Dih. Per. Imp. Dih.          LJ-14
    4.65658e+02    1.16161e+03    7.71615e+03    8.01884e+01    2.27540e+03
     Coulomb-14        LJ (SR)   Coulomb (SR)   Coul. recip.      Potential
    2.21725e+04    7.85854e+04   -7.86747e+05    3.23020e+03   -6.71060e+05
 Pressure (bar)
    1.28601e+04

           Step           Time
            680      680.00000

           Step           Time
            681      681.00000

   Energies (kJ/mol)
           Bond          Angle    Proper Dih. Per. Imp. Dih.          LJ-14
    4.20623e+02    1.15520e+03    7.71609e+03    8.01564e+01    2.27498e+03
     Coulomb-14        LJ (SR)   Coulomb (SR)   Coul. recip.      Potential
    2.21729e+04    7.85988e+04   -7.86778e+05    3.22792e+03   -6.71132e+05
 Pressure (bar)
    1.28627e+04

           Step           Time
            682      682.00000

   Energies (kJ/mol)
           Bond          Angle    Proper Dih. Per. Imp. Dih.          LJ-14
    4.90097e+02    1.16398e+03    7.71596e+03    8.01567e+01    2.27527e+03
     Coulomb-14        LJ (SR)   Coulomb (SR)   Coul. recip.      Potential
    2.21719e+04    7.86815e+04   -7.86955e+05    3.22848e+03   -6.71148e+05
 Pressure (bar)
    1.28707e+04

           Step           Time
            683      683.00000

   Energies (kJ/mol)
           Bond          Angle    Proper Dih. Per. Imp. Dih.          LJ-14
    4.33607e+02    1.15607e+03    7.71587e+03    8.01204e+01    2.27466e+03
     Coulomb-14        LJ (SR)   Coulomb (SR)   Coul. recip.      Potential
    2.21724e+04    7.86969e+04   -7.86992e+05    3.22523e+03   -6.71237e+05
 Pressure (bar)
    1.28736e+04

           Step           Time
            684      684.00000

           Step           Time
            685      685.00000

   Energies (kJ/mol)
           Bond          Angle    Proper Dih. Per. Imp. Dih.          LJ-14
    4.29453e+02    1.15716e+03    7.71586e+03    8.01359e+01    2.27490e+03
     Coulomb-14        LJ (SR)   Coulomb (SR)   Coul. recip.      Potential
    2.21719e+04    7.87219e+04   -7.87045e+05    3.22634e+03   -6.71267e+05
 Pressure (bar)
    1.28767e+04

           Step           Time
            686      686.00000

   Energies (kJ/mol)
           Bond          Angle    Proper Dih. Per. Imp. Dih.          LJ-14
    4.48609e+02    1.15725e+03    7.71576e+03    8.01044e+01    2.27448e+03
     Coulomb-14        LJ (SR)   Coulomb (SR)   Coul. recip.      Potential
    2.21722e+04    7.87504e+04   -7.87109e+05    3.22373e+03   -6.71286e+05
 Pressure (bar)
    1.28795e+04

           Step           Time
            687      687.00000

   Energies (kJ/mol)
           Bond          Angle    Proper Dih. Per. Imp. Dih.          LJ-14
    4.44062e+02    1.15907e+03    7.71576e+03    8.01326e+01    2.27485e+03
     Coulomb-14        LJ (SR)   Coulomb (SR)   Coul. recip.      Potential
    2.21715e+04    7.87762e+04   -7.87162e+05    3.22554e+03   -6.71315e+05
 Pressure (bar)
    1.28826e+04

           Step           Time
            688      688.00000

   Energies (kJ/mol)
           Bond          Angle    Proper Dih. Per. Imp. Dih.          LJ-14
    4.78063e+02    1.15981e+03    7.71565e+03    8.00920e+01    2.27427e+03
     Coulomb-14        LJ (SR)   Coulomb (SR)   Coul. recip.      Potential
    2.21720e+04    7.88035e+04   -7.87225e+05    3.22210e+03   -6.71319e+05
 Pressure (bar)
    1.28850e+04

           Step           Time
            689      689.00000

   Energies (kJ/mol)
           Bond          Angle    Proper Dih. Per. Imp. Dih.          LJ-14
    4.75610e+02    1.16290e+03    7.71567e+03    8.01409e+01    2.27485e+03
     Coulomb-14        LJ (SR)   Coulomb (SR)   Coul. recip.      Potential
    2.21711e+04    7.88303e+04   -7.87279e+05    3.22500e+03   -6.71344e+05
 Pressure (bar)
    1.28881e+04

           Step           Time
            690      690.00000

           Step           Time
            691      691.00000

   Energies (kJ/mol)
           Bond          Angle    Proper Dih. Per. Imp. Dih.          LJ-14
    4.20502e+02    1.15544e+03    7.71560e+03    8.01020e+01    2.27437e+03
     Coulomb-14        LJ (SR)   Coulomb (SR)   Coul. recip.      Potential
    2.21715e+04    7.88430e+04   -7.87310e+05    3.22249e+03   -6.71427e+05
 Pressure (bar)
    1.28909e+04

           Step           Time
            692      692.00000

   Energies (kJ/mol)
           Bond          Angle    Proper Dih. Per. Imp. Dih.          LJ-14
    5.03823e+02    1.16553e+03    7.71546e+03    8.01047e+01    2.27470e+03
     Coulomb-14        LJ (SR)   Coulomb (SR)   Coul. recip.      Potential
    2.21704e+04    7.89378e+04   -7.87512e+05    3.22306e+03   -6.71441e+05
 Pressure (bar)
    1.28987e+04

           Step           Time
            693      693.00000

   Energies (kJ/mol)
           Bond          Angle    Proper Dih. Per. Imp. Dih.          LJ-14
    4.34094e+02    1.15634e+03    7.71537e+03    8.00599e+01    2.27401e+03
     Coulomb-14        LJ (SR)   Coulomb (SR)   Coul. recip.      Potential
    2.21710e+04    7.89524e+04   -7.87548e+05    3.21954e+03   -6.71545e+05
 Pressure (bar)
    1.29003e+04

           Step           Time
            694      694.00000

           Step           Time
            695      695.00000

   Energies (kJ/mol)
           Bond          Angle    Proper Dih. Per. Imp. Dih.          LJ-14
    4.33061e+02    1.15779e+03    7.71537e+03    8.00797e+01    2.27430e+03
     Coulomb-14        LJ (SR)   Coulomb (SR)   Coul. recip.      Potential
    2.21704e+04    7.89785e+04   -7.87603e+05    3.22080e+03   -6.71573e+05
 Pressure (bar)
    1.29021e+04

           Step           Time
            696      696.00000

   Energies (kJ/mol)
           Bond          Angle    Proper Dih. Per. Imp. Dih.          LJ-14
    4.50176e+02    1.15762e+03    7.71528e+03    8.00435e+01    2.27382e+03
     Coulomb-14        LJ (SR)   Coulomb (SR)   Coul. recip.      Potential
    2.21707e+04    7.90050e+04   -7.87663e+05    3.21806e+03   -6.71592e+05
 Pressure (bar)
    1.29047e+04

           Step           Time
            697      697.00000

   Energies (kJ/mol)
           Bond          Angle    Proper Dih. Per. Imp. Dih.          LJ-14
    4.50434e+02    1.16001e+03    7.71529e+03    8.00796e+01    2.27426e+03
     Coulomb-14        LJ (SR)   Coulomb (SR)   Coul. recip.      Potential
    2.21700e+04    7.90315e+04   -7.87718e+05    3.22009e+03   -6.71616e+05
 Pressure (bar)
    1.29078e+04

           Step           Time
            698      698.00000

   Energies (kJ/mol)
           Bond          Angle    Proper Dih. Per. Imp. Dih.          LJ-14
    4.82249e+02    1.16043e+03    7.71517e+03    8.00315e+01    2.27361e+03
     Coulomb-14        LJ (SR)   Coulomb (SR)   Coul. recip.      Potential
    2.21706e+04    7.90572e+04   -7.87777e+05    3.21642e+03   -6.71621e+05
 Pressure (bar)
    1.29101e+04

           Step           Time
            699      699.00000

   Energies (kJ/mol)
           Bond          Angle    Proper Dih. Per. Imp. Dih.          LJ-14
    4.87414e+02    1.16441e+03    7.71520e+03    8.00917e+01    2.27427e+03
     Coulomb-14        LJ (SR)   Coulomb (SR)   Coul. recip.      Potential
    2.21696e+04    7.90846e+04   -7.87833e+05    3.21965e+03   -6.71637e+05
 Pressure (bar)
    1.29131e+04

           Step           Time
            700      700.00000

           Step           Time
            701      701.00000

   Energies (kJ/mol)
           Bond          Angle    Proper Dih. Per. Imp. Dih.          LJ-14
    4.20410e+02    1.15570e+03    7.71513e+03    8.00450e+01    2.27374e+03
     Coulomb-14        LJ (SR)   Coulomb (SR)   Coul. recip.      Potential
    2.21700e+04    7.90967e+04   -7.87862e+05    3.21696e+03   -6.71733e+05
 Pressure (bar)
    1.29161e+04

           Step           Time
            702      702.00000

   Energies (kJ/mol)
           Bond          Angle    Proper Dih. Per. Imp. Dih.          LJ-14
    5.19965e+02    1.16724e+03    7.71498e+03    8.00456e+01    2.27412e+03
     Coulomb-14        LJ (SR)   Coulomb (SR)   Coul. recip.      Potential
    2.21688e+04    7.92067e+04   -7.88097e+05    3.21746e+03   -6.71748e+05
 Pressure (bar)
    1.29267e+04

           Step           Time
            703      703.00000

   Energies (kJ/mol)
           Bond          Angle    Proper Dih. Per. Imp. Dih.          LJ-14
    4.34721e+02    1.15664e+03    7.71489e+03    7.99942e+01    2.27333e+03
     Coulomb-14        LJ (SR)   Coulomb (SR)   Coul. recip.      Potential
    2.21694e+04    7.92207e+04   -7.88132e+05    3.21364e+03   -6.71869e+05
 Pressure (bar)
    1.29299e+04

           Step           Time
            704      704.00000

           Step           Time
            705      705.00000

   Energies (kJ/mol)
           Bond          Angle    Proper Dih. Per. Imp. Dih.          LJ-14
    4.37341e+02    1.15850e+03    7.71489e+03    8.00209e+01    2.27367e+03
     Coulomb-14        LJ (SR)   Coulomb (SR)   Coul. recip.      Potential
    2.21688e+04    7.92479e+04   -7.88189e+05    3.21506e+03   -6.71893e+05
 Pressure (bar)
    1.29332e+04

           Step           Time
            706      706.00000

   Energies (kJ/mol)
           Bond          Angle    Proper Dih. Per. Imp. Dih.          LJ-14
    4.52069e+02    1.15805e+03    7.71479e+03    7.99778e+01    2.27314e+03
     Coulomb-14        LJ (SR)   Coulomb (SR)   Coul. recip.      Potential
    2.21692e+04    7.92726e+04   -7.88246e+05    3.21216e+03   -6.71914e+05
 Pressure (bar)
    1.29356e+04

           Step           Time
            707      707.00000

   Energies (kJ/mol)
           Bond          Angle    Proper Dih. Per. Imp. Dih.          LJ-14
    4.57932e+02    1.16106e+03    7.71481e+03    8.00217e+01    2.27364e+03
     Coulomb-14        LJ (SR)   Coulomb (SR)   Coul. recip.      Potential
    2.21685e+04    7.92999e+04   -7.88302e+05    3.21446e+03   -6.71932e+05
 Pressure (bar)
    1.29375e+04

           Step           Time
            708      708.00000

   Energies (kJ/mol)
           Bond          Angle    Proper Dih. Per. Imp. Dih.          LJ-14
    4.87169e+02    1.16116e+03    7.71469e+03    7.99641e+01    2.27293e+03
     Coulomb-14        LJ (SR)   Coulomb (SR)   Coul. recip.      Potential
    2.21690e+04    7.93242e+04   -7.88358e+05    3.21052e+03   -6.71939e+05
 Pressure (bar)
    1.29397e+04

           Step           Time
            709      709.00000

   Energies (kJ/mol)
           Bond          Angle    Proper Dih. Per. Imp. Dih.          LJ-14
    5.01237e+02    1.16615e+03    7.71474e+03    8.00381e+01    2.27368e+03
     Coulomb-14        LJ (SR)   Coulomb (SR)   Coul. recip.      Potential
    2.21680e+04    7.93520e+04   -7.88415e+05    3.21412e+03   -6.71945e+05
 Pressure (bar)
    1.29425e+04

           Step           Time
            710      710.00000

           Step           Time
            711      711.00000

   Energies (kJ/mol)
           Bond          Angle    Proper Dih. Per. Imp. Dih.          LJ-14
    4.20393e+02    1.15599e+03    7.71466e+03    7.99829e+01    2.27308e+03
     Coulomb-14        LJ (SR)   Coulomb (SR)   Coul. recip.      Potential
    2.21685e+04    7.93635e+04   -7.88443e+05    3.21120e+03   -6.72056e+05
 Pressure (bar)
    1.29458e+04

           Step           Time
            712      712.00000

   Energies (kJ/mol)
           Bond          Angle    Proper Dih. Per. Imp. Dih.          LJ-14
    5.38568e+02    1.16919e+03    7.71451e+03    7.99783e+01    2.27349e+03
     Coulomb-14        LJ (SR)   Coulomb (SR)   Coul. recip.      Potential
    2.21671e+04    7.94927e+04   -7.88720e+05    3.21162e+03   -6.72073e+05
 Pressure (bar)
    1.29583e+04

           Step           Time
            713      713.00000

   Energies (kJ/mol)
           Bond          Angle    Proper Dih. Per. Imp. Dih.          LJ-14
    4.35581e+02    1.15699e+03    7.71440e+03    7.99210e+01    2.27262e+03
     Coulomb-14        LJ (SR)   Coulomb (SR)   Coul. recip.      Potential
    2.21678e+04    7.95061e+04   -7.88754e+05    3.20747e+03   -6.72213e+05
 Pressure (bar)
    1.29616e+04

           Step           Time
            714      714.00000

           Step           Time
            715      715.00000

   Energies (kJ/mol)
           Bond          Angle    Proper Dih. Per. Imp. Dih.          LJ-14
    4.42276e+02    1.15930e+03    7.71442e+03    7.99541e+01    2.27300e+03
     Coulomb-14        LJ (SR)   Coulomb (SR)   Coul. recip.      Potential
    2.21672e+04    7.95342e+04   -7.88813e+05    3.20907e+03   -6.72233e+05
 Pressure (bar)
    1.29649e+04

           Step           Time
            716      716.00000

   Energies (kJ/mol)
           Bond          Angle    Proper Dih. Per. Imp. Dih.          LJ-14
    4.54425e+02    1.15856e+03    7.71432e+03    7.99054e+01    2.27242e+03
     Coulomb-14        LJ (SR)   Coulomb (SR)   Coul. recip.      Potential
    2.21676e+04    7.95576e+04   -7.88866e+05    3.20599e+03   -6.72256e+05
 Pressure (bar)
    1.29673e+04

           Step           Time
            717      717.00000

   Energies (kJ/mol)
           Bond          Angle    Proper Dih. Per. Imp. Dih.          LJ-14
    4.66564e+02    1.16227e+03    7.71434e+03    7.99600e+01    2.27299e+03
     Coulomb-14        LJ (SR)   Coulomb (SR)   Coul. recip.      Potential
    2.21668e+04    7.95854e+04   -7.88924e+05    3.20855e+03   -6.72267e+05
 Pressure (bar)
    1.29703e+04

           Step           Time
            718      718.00000

   Energies (kJ/mol)
           Bond          Angle    Proper Dih. Per. Imp. Dih.          LJ-14
    4.93085e+02    1.16202e+03    7.71421e+03    7.98934e+01    2.27220e+03
     Coulomb-14        LJ (SR)   Coulomb (SR)   Coul. recip.      Potential
    2.21674e+04    7.96086e+04   -7.88978e+05    3.20436e+03   -6.72276e+05
 Pressure (bar)
    1.29724e+04

           Step           Time
            719      719.00000

           Step           Time
            720      720.00000

   Energies (kJ/mol)
           Bond          Angle    Proper Dih. Per. Imp. Dih.          LJ-14
    4.19304e+02    1.15650e+03    7.71425e+03    7.99259e+01    2.27255e+03
     Coulomb-14        LJ (SR)   Coulomb (SR)   Coul. recip.      Potential
    2.21669e+04    7.96225e+04   -7.89007e+05    3.20616e+03   -6.72368e+05
 Pressure (bar)
    1.29757e+04

           Step           Time
            721      721.00000

   Energies (kJ/mol)
           Bond          Angle    Proper Dih. Per. Imp. Dih.          LJ-14
    5.32848e+02    1.16509e+03    7.71396e+03    7.98251e+01    2.27179e+03
     Coulomb-14        LJ (SR)   Coulomb (SR)   Coul. recip.      Potential
    2.21665e+04    7.97683e+04   -7.89326e+05    3.20052e+03   -6.72427e+05
 Pressure (bar)
    1.29904e+04

           Step           Time
            722      722.00000

   Energies (kJ/mol)
           Bond          Angle    Proper Dih. Per. Imp. Dih.          LJ-14
    4.26187e+02    1.15762e+03    7.71400e+03    7.98822e+01    2.27226e+03
     Coulomb-14        LJ (SR)   Coulomb (SR)   Coul. recip.      Potential
    2.21658e+04    7.97845e+04   -7.89359e+05    3.20321e+03   -6.72556e+05
 Pressure (bar)
    1.29940e+04

           Step           Time
            723      723.00000

           Step           Time
            724      724.00000

   Energies (kJ/mol)
           Bond          Angle    Proper Dih. Per. Imp. Dih.          LJ-14
    4.48076e+02    1.15820e+03    7.71391e+03    7.98436e+01    2.27182e+03
     Coulomb-14        LJ (SR)   Coulomb (SR)   Coul. recip.      Potential
    2.21660e+04    7.98154e+04   -7.89428e+05    3.20064e+03   -6.72574e+05
 Pressure (bar)
    1.29973e+04

           Step           Time
            725      725.00000

   Energies (kJ/mol)
           Bond          Angle    Proper Dih. Per. Imp. Dih.          LJ-14
    4.36476e+02    1.15902e+03    7.71393e+03    7.98809e+01    2.27222e+03
     Coulomb-14        LJ (SR)   Coulomb (SR)   Coul. recip.      Potential
    2.21654e+04    7.98379e+04   -7.89475e+05    3.20253e+03   -6.72608e+05
 Pressure (bar)
    1.30001e+04

           Step           Time
            726      726.00000

   Energies (kJ/mol)
           Bond          Angle    Proper Dih. Per. Imp. Dih.          LJ-14
    4.73219e+02    1.16046e+03    7.71382e+03    7.98246e+01    2.27161e+03
     Coulomb-14        LJ (SR)   Coulomb (SR)   Coul. recip.      Potential
    2.21658e+04    7.98664e+04   -7.89540e+05    3.19915e+03   -6.72610e+05
 Pressure (bar)
    1.30027e+04

           Step           Time
            727      727.00000

   Energies (kJ/mol)
           Bond          Angle    Proper Dih. Per. Imp. Dih.          LJ-14
    4.59699e+02    1.16188e+03    7.71387e+03    7.98891e+01    2.27222e+03
     Coulomb-14        LJ (SR)   Coulomb (SR)   Coul. recip.      Potential
    2.21650e+04    7.98902e+04   -7.89589e+05    3.20205e+03   -6.72644e+05
 Pressure (bar)
    1.30057e+04

           Step           Time
            728      728.00000

           Step           Time
            729      729.00000

   Energies (kJ/mol)
           Bond          Angle    Proper Dih. Per. Imp. Dih.          LJ-14
    4.22903e+02    1.15663e+03    7.71380e+03    7.98405e+01    2.27174e+03
     Coulomb-14        LJ (SR)   Coulomb (SR)   Coul. recip.      Potential
    2.21654e+04    7.99034e+04   -7.89620e+05    3.19965e+03   -6.72706e+05
 Pressure (bar)
    1.30081e+04

           Step           Time
            730      730.00000

   Energies (kJ/mol)
           Bond          Angle    Proper Dih. Per. Imp. Dih.          LJ-14
    4.81521e+02    1.16410e+03    7.71375e+03    7.98684e+01    2.27213e+03
     Coulomb-14        LJ (SR)   Coulomb (SR)   Coul. recip.      Potential
    2.21644e+04    7.99721e+04   -7.89767e+05    3.20078e+03   -6.72718e+05
 Pressure (bar)
    1.30148e+04

           Step           Time
            731      731.00000

   Energies (kJ/mol)
           Bond          Angle    Proper Dih. Per. Imp. Dih.          LJ-14
    4.35378e+02    1.15757e+03    7.71366e+03    7.98065e+01    2.27143e+03
     Coulomb-14        LJ (SR)   Coulomb (SR)   Coul. recip.      Potential
    2.21650e+04    7.99871e+04   -7.89803e+05    3.19740e+03   -6.72796e+05
 Pressure (bar)
    1.30174e+04

           Step           Time
            732      732.00000

           Step           Time
            733      733.00000

   Energies (kJ/mol)
           Bond          Angle    Proper Dih. Per. Imp. Dih.          LJ-14
    4.28912e+02    1.15822e+03    7.71367e+03    7.98361e+01    2.27174e+03
     Coulomb-14        LJ (SR)   Coulomb (SR)   Coul. recip.      Potential
    2.21645e+04    8.00094e+04   -7.89850e+05    3.19872e+03   -6.72825e+05
 Pressure (bar)
    1.30217e+04

           Step           Time
            734      734.00000

   Energies (kJ/mol)
           Bond          Angle    Proper Dih. Per. Imp. Dih.          LJ-14
    4.49603e+02    1.15872e+03    7.71357e+03    7.97876e+01    2.27125e+03
     Coulomb-14        LJ (SR)   Coulomb (SR)   Coul. recip.      Potential
    2.21647e+04    8.00378e+04   -7.89914e+05    3.19601e+03   -6.72842e+05
 Pressure (bar)
    1.30245e+04

           Step           Time
            735      735.00000

   Energies (kJ/mol)
           Bond          Angle    Proper Dih. Per. Imp. Dih.          LJ-14
    4.41568e+02    1.15987e+03    7.71360e+03    7.98351e+01    2.27171e+03
     Coulomb-14        LJ (SR)   Coulomb (SR)   Coul. recip.      Potential
    2.21641e+04    8.00610e+04   -7.89962e+05    3.19809e+03   -6.72872e+05
 Pressure (bar)
    1.30274e+04

           Step           Time
            736      736.00000

   Energies (kJ/mol)
           Bond          Angle    Proper Dih. Per. Imp. Dih.          LJ-14
    4.77271e+02    1.16114e+03    7.71348e+03    7.97694e+01    2.27104e+03
     Coulomb-14        LJ (SR)   Coulomb (SR)   Coul. recip.      Potential
    2.21645e+04    8.00878e+04   -7.90023e+05    3.19451e+03   -6.72874e+05
 Pressure (bar)
    1.30297e+04

           Step           Time
            737      737.00000

   Energies (kJ/mol)
           Bond          Angle    Proper Dih. Per. Imp. Dih.          LJ-14
    4.69416e+02    1.16322e+03    7.71354e+03    7.98452e+01    2.27173e+03
     Coulomb-14        LJ (SR)   Coulomb (SR)   Coul. recip.      Potential
    2.21636e+04    8.01122e+04   -7.90073e+05    3.19771e+03   -6.72902e+05
 Pressure (bar)
    1.30327e+04

           Step           Time
            738      738.00000

           Step           Time
            739      739.00000

   Energies (kJ/mol)
           Bond          Angle    Proper Dih. Per. Imp. Dih.          LJ-14
    4.22736e+02    1.15693e+03    7.71346e+03    7.97891e+01    2.27119e+03
     Coulomb-14        LJ (SR)   Coulomb (SR)   Coul. recip.      Potential
    2.21640e+04    8.01246e+04   -7.90102e+05    3.19511e+03   -6.72975e+05
 Pressure (bar)
    1.30352e+04

           Step           Time
            740      740.00000

   Energies (kJ/mol)
           Bond          Angle    Proper Dih. Per. Imp. Dih.          LJ-14
    4.95160e+02    1.16573e+03    7.71341e+03    7.98170e+01    2.27163e+03
     Coulomb-14        LJ (SR)   Coulomb (SR)   Coul. recip.      Potential
    2.21630e+04    8.02033e+04   -7.90272e+05    3.19630e+03   -6.72983e+05
 Pressure (bar)
    1.30428e+04

           Step           Time
            741      741.00000

   Energies (kJ/mol)
           Bond          Angle    Proper Dih. Per. Imp. Dih.          LJ-14
    4.35949e+02    1.15791e+03    7.71331e+03    7.97482e+01    2.27085e+03
     Coulomb-14        LJ (SR)   Coulomb (SR)   Coul. recip.      Potential
    2.21636e+04    8.02176e+04   -7.90306e+05    3.19265e+03   -6.73074e+05
 Pressure (bar)
    1.30455e+04

           Step           Time
            742      742.00000

           Step           Time
            743      743.00000

   Energies (kJ/mol)
           Bond          Angle    Proper Dih. Per. Imp. Dih.          LJ-14
    4.32345e+02    1.15890e+03    7.71333e+03    7.97817e+01    2.27120e+03
     Coulomb-14        LJ (SR)   Coulomb (SR)   Coul. recip.      Potential
    2.21630e+04    8.02410e+04   -7.90355e+05    3.19409e+03   -6.73102e+05
 Pressure (bar)
    1.30485e+04

           Step           Time
            744      744.00000

   Energies (kJ/mol)
           Bond          Angle    Proper Dih. Per. Imp. Dih.          LJ-14
    4.51363e+02    1.15917e+03    7.71323e+03    7.97273e+01    2.27067e+03
     Coulomb-14        LJ (SR)   Coulomb (SR)   Coul. recip.      Potential
    2.21634e+04    8.02671e+04   -7.90414e+05    3.19127e+03   -6.73119e+05
 Pressure (bar)
    1.30524e+04

           Step           Time
            745      745.00000

   Energies (kJ/mol)
           Bond          Angle    Proper Dih. Per. Imp. Dih.          LJ-14
    4.47769e+02    1.16085e+03    7.71326e+03    7.97815e+01    2.27118e+03
     Coulomb-14        LJ (SR)   Coulomb (SR)   Coul. recip.      Potential
    2.21626e+04    8.02912e+04   -7.90465e+05    3.19356e+03   -6.73144e+05
 Pressure (bar)
    1.30553e+04

           Step           Time
            746      746.00000

   Energies (kJ/mol)
           Bond          Angle    Proper Dih. Per. Imp. Dih.          LJ-14
    4.81830e+02    1.16186e+03    7.71315e+03    7.97087e+01    2.27045e+03
     Coulomb-14        LJ (SR)   Coulomb (SR)   Coul. recip.      Potential
    2.21632e+04    8.03164e+04   -7.90522e+05    3.18977e+03   -6.73146e+05
 Pressure (bar)
    1.30575e+04

           Step           Time
            747      747.00000

   Energies (kJ/mol)
           Bond          Angle    Proper Dih. Per. Imp. Dih.          LJ-14
    4.81090e+02    1.16478e+03    7.71321e+03    7.97967e+01    2.27122e+03
     Coulomb-14        LJ (SR)   Coulomb (SR)   Coul. recip.      Potential
    2.21622e+04    8.03413e+04   -7.90573e+05    3.19330e+03   -6.73166e+05
 Pressure (bar)
    1.30604e+04

           Step           Time
            748      748.00000

           Step           Time
            749      749.00000

   Energies (kJ/mol)
           Bond          Angle    Proper Dih. Per. Imp. Dih.          LJ-14
    4.22585e+02    1.15724e+03    7.71313e+03    7.97342e+01    2.27063e+03
     Coulomb-14        LJ (SR)   Coulomb (SR)   Coul. recip.      Potential
    2.21626e+04    8.03532e+04   -7.90602e+05    3.19052e+03   -6.73252e+05
 Pressure (bar)
    1.30631e+04

           Step           Time
            750      750.00000

   Energies (kJ/mol)
           Bond          Angle    Proper Dih. Per. Imp. Dih.          LJ-14
    5.11385e+02    1.16760e+03    7.71307e+03    7.97594e+01    2.27111e+03
     Coulomb-14        LJ (SR)   Coulomb (SR)   Coul. recip.      Potential
    2.21615e+04    8.04445e+04   -7.90798e+05    3.19169e+03   -6.73257e+05
 Pressure (bar)
    1.30719e+04

           Step           Time
            751      751.00000

   Energies (kJ/mol)
           Bond          Angle    Proper Dih. Per. Imp. Dih.          LJ-14
    4.36596e+02    1.15828e+03    7.71296e+03    7.96838e+01    2.27025e+03
     Coulomb-14        LJ (SR)   Coulomb (SR)   Coul. recip.      Potential
    2.21622e+04    8.04581e+04   -7.90831e+05    3.18776e+03   -6.73366e+05
 Pressure (bar)
    1.30748e+04

           Step           Time
            752      752.00000

           Step           Time
            753      753.00000

   Energies (kJ/mol)
           Bond          Angle    Proper Dih. Per. Imp. Dih.          LJ-14
    4.36511e+02    1.15968e+03    7.71298e+03    7.97227e+01    2.27064e+03
     Coulomb-14        LJ (SR)   Coulomb (SR)   Coul. recip.      Potential
    2.21616e+04    8.04827e+04   -7.90883e+05    3.18937e+03   -6.73390e+05
 Pressure (bar)
    1.30778e+04

           Step           Time
            754      754.00000

   Energies (kJ/mol)
           Bond          Angle    Proper Dih. Per. Imp. Dih.          LJ-14
    4.53369e+02    1.15967e+03    7.71287e+03    7.96628e+01    2.27006e+03
     Coulomb-14        LJ (SR)   Coulomb (SR)   Coul. recip.      Potential
    2.21619e+04    8.05070e+04   -7.90938e+05    3.18638e+03   -6.73408e+05
 Pressure (bar)
    1.30802e+04

           Step           Time
            755      755.00000

   Energies (kJ/mol)
           Bond          Angle    Proper Dih. Per. Imp. Dih.          LJ-14
    4.55199e+02    1.16198e+03    7.71292e+03    7.97260e+01    2.27063e+03
     Coulomb-14        LJ (SR)   Coulomb (SR)   Coul. recip.      Potential
    2.21612e+04    8.05319e+04   -7.90990e+05    3.18892e+03   -6.73428e+05
 Pressure (bar)
    1.30831e+04

           Step           Time
            756      756.00000

   Energies (kJ/mol)
           Bond          Angle    Proper Dih. Per. Imp. Dih.          LJ-14
    4.87043e+02    1.16267e+03    7.71279e+03    7.96451e+01    2.26983e+03
     Coulomb-14        LJ (SR)   Coulomb (SR)   Coul. recip.      Potential
    2.21618e+04    8.05556e+04   -7.91045e+05    3.18486e+03   -6.73431e+05
 Pressure (bar)
    1.30851e+04

           Step           Time
            757      757.00000

   Energies (kJ/mol)
           Bond          Angle    Proper Dih. Per. Imp. Dih.          LJ-14
    4.94942e+02    1.16660e+03    7.71286e+03    7.97462e+01    2.27069e+03
     Coulomb-14        LJ (SR)   Coulomb (SR)   Coul. recip.      Potential
    2.21607e+04    8.05811e+04   -7.91097e+05    3.18873e+03   -6.73442e+05
 Pressure (bar)
    1.30879e+04

           Step           Time
            758      758.00000

           Step           Time
            759      759.00000

   Energies (kJ/mol)
           Bond          Angle    Proper Dih. Per. Imp. Dih.          LJ-14
    4.22465e+02    1.15759e+03    7.71278e+03    7.96751e+01    2.27004e+03
     Coulomb-14        LJ (SR)   Coulomb (SR)   Coul. recip.      Potential
    2.21612e+04    8.05924e+04   -7.91124e+05    3.18576e+03   -6.73542e+05
 Pressure (bar)
    1.30909e+04

           Step           Time
            760      760.00000

   Energies (kJ/mol)
           Bond          Angle    Proper Dih. Per. Imp. Dih.          LJ-14
    5.30465e+02    1.16968e+03    7.71271e+03    7.96967e+01    2.27056e+03
     Coulomb-14        LJ (SR)   Coulomb (SR)   Coul. recip.      Potential
    2.21599e+04    8.06999e+04   -7.91356e+05    3.18690e+03   -6.73546e+05
 Pressure (bar)
    1.31026e+04

           Step           Time
            761      761.00000

   Energies (kJ/mol)
           Bond          Angle    Proper Dih. Per. Imp. Dih.          LJ-14
    4.37407e+02    1.15869e+03    7.71259e+03    7.96158e+01    2.26961e+03
     Coulomb-14        LJ (SR)   Coulomb (SR)   Coul. recip.      Potential
    2.21606e+04    8.07130e+04   -7.91388e+05    3.18264e+03   -6.73674e+05
 Pressure (bar)
    1.31057e+04

           Step           Time
            762      762.00000

           Step           Time
            763      763.00000

   Energies (kJ/mol)
           Bond          Angle    Proper Dih. Per. Imp. Dih.          LJ-14
    4.41471e+02    1.16055e+03    7.71262e+03    7.96611e+01    2.27005e+03
     Coulomb-14        LJ (SR)   Coulomb (SR)   Coul. recip.      Potential
    2.21600e+04    8.07387e+04   -7.91442e+05    3.18443e+03   -6.73695e+05
 Pressure (bar)
    1.31088e+04

           Step           Time
            764      764.00000

   Energies (kJ/mol)
           Bond          Angle    Proper Dih. Per. Imp. Dih.          LJ-14
    4.55754e+02    1.16023e+03    7.71252e+03    7.95959e+01    2.26941e+03
     Coulomb-14        LJ (SR)   Coulomb (SR)   Coul. recip.      Potential
    2.21604e+04    8.07614e+04   -7.91494e+05    3.18126e+03   -6.73714e+05
 Pressure (bar)
    1.31110e+04

           Step           Time
            765      765.00000

   Energies (kJ/mol)
           Bond          Angle    Proper Dih. Per. Imp. Dih.          LJ-14
    4.63975e+02    1.16328e+03    7.71257e+03    7.96672e+01    2.27005e+03
     Coulomb-14        LJ (SR)   Coulomb (SR)   Coul. recip.      Potential
    2.21596e+04    8.07870e+04   -7.91547e+05    3.18408e+03   -6.73727e+05
 Pressure (bar)
    1.31139e+04

           Step           Time
            766      766.00000

   Energies (kJ/mol)
           Bond          Angle    Proper Dih. Per. Imp. Dih.          LJ-14
    4.93135e+02    1.16360e+03    7.71244e+03    7.95774e+01    2.26917e+03
     Coulomb-14        LJ (SR)   Coulomb (SR)   Coul. recip.      Potential
    2.21603e+04    8.08095e+04   -7.91600e+05    3.17973e+03   -6.73732e+05
 Pressure (bar)
    1.31158e+04

           Step           Time
            767      767.00000

           Step           Time
            768      768.00000

   Energies (kJ/mol)
           Bond          Angle    Proper Dih. Per. Imp. Dih.          LJ-14
    4.20839e+02    1.15806e+03    7.71249e+03    7.96226e+01    2.26958e+03
     Coulomb-14        LJ (SR)   Coulomb (SR)   Coul. recip.      Potential
    2.21597e+04    8.08225e+04   -7.91626e+05    3.18170e+03   -6.73822e+05
 Pressure (bar)
    1.31190e+04


Steepest Descents converged to Fmax < 1000 in 769 steps
Potential Energy  = -6.7382175e+05
Maximum force     =  9.8124292e+02 on atom 1117
Norm of force     =  2.2034513e+01

    D O M A I N   D E C O M P O S I T I O N   S T A T I S T I C S

 av. #atoms communicated per step for force:  2 x 80014.6

Finished mdrun on rank 0 Tue Aug 18 18:04:42 2026

